sprint_id,sprint_days,days_elapsed,committed_sp,remaining_sp,completed_sp,velocity_current,velocity_avg_5,velocity_std_5,blocked_stories,attendance_rate,ratio_feature,ratio_bug,ratio_tech_debt,label_completed
1,16,10,65.4,35.2,30.2,3.02,2.18,2.9,7,0.76,0.37,0.0,0.5,1
2,29,14,79.1,29.0,50.1,3.58,6.41,0.04,6,0.51,0.61,0.34,0.05,1
3,24,11,90.3,29.0,61.3,5.57,1.31,1.44,5,0.63,0.27,0.07,0.5,1
4,20,12,52.3,22.2,30.1,2.51,5.48,1.0,1,0.76,0.29,0.19,0.5,1
5,17,13,46.2,43.2,3.0,0.23,2.39,1.35,5,0.79,0.37,0.35,0.28,0
6,30,8,73.4,59.0,14.4,1.8,2.65,1.71,10,0.96,0.4,0.09,0.5,0
7,16,14,84.6,30.8,53.8,3.84,4.29,1.31,8,0.82,0.37,0.19,0.44,1
8,28,18,81.0,42.2,38.8,2.16,4.89,1.24,1,0.71,0.58,0.05,0.37,0
9,20,1,83.8,42.7,41.1,41.1,6.61,2.2,0,0.97,0.25,0.16,0.5,1
10,20,15,54.8,21.4,33.4,2.23,1.67,2.06,10,0.89,0.38,0.07,0.5,1
11,30,8,85.4,35.3,50.1,6.26,5.53,2.5,4,0.6,0.62,0.15,0.23,1
12,13,12,29.6,9.0,20.6,1.72,2.64,0.75,10,0.57,0.23,0.15,0.5,0
13,17,11,63.6,32.7,30.9,2.81,6.17,1.83,5,0.84,0.67,0.28,0.05,0
14,12,12,20.5,11.0,9.5,0.79,6.74,1.76,2,0.78,0.69,0.26,0.05,0
15,30,12,46.0,25.2,20.8,1.73,6.01,1.11,7,0.89,0.24,0.05,0.5,0
16,11,4,49.3,21.3,28.0,7.0,7.64,1.46,6,0.87,0.35,0.29,0.36,1
17,21,16,51.7,15.4,36.3,2.27,4.02,0.94,1,0.81,0.39,0.02,0.5,0
18,15,4,75.6,36.9,38.7,9.68,7.89,0.43,6,0.99,0.59,0.01,0.4,1
19,11,5,51.1,7.5,43.6,8.72,4.89,0.64,0,0.77,0.5,0.04,0.46,1
20,30,24,55.9,32.3,23.6,0.98,5.36,0.32,8,0.56,0.52,0.39,0.09,0
21,10,5,39.0,3.7,35.3,7.06,6.83,2.05,6,0.91,0.58,0.37,0.05,1
22,21,8,49.9,38.7,11.2,1.4,1.17,1.98,5,0.63,0.26,0.08,0.5,0
23,21,10,38.2,24.7,13.5,1.35,6.89,2.85,1,0.89,0.62,0.06,0.32,0
24,26,17,25.9,23.0,2.9,0.17,6.57,2.19,2,0.98,0.55,0.1,0.35,0
25,19,9,68.3,54.5,13.8,1.53,3.79,0.16,0,0.85,0.49,0.21,0.3,0
26,25,22,73.5,26.6,46.9,2.13,1.77,2.65,9,0.8,0.64,0.23,0.13,0
27,24,19,69.6,35.1,34.5,1.82,1.82,2.59,4,0.73,0.55,0.09,0.36,0
28,24,14,57.1,18.8,38.3,2.74,9.31,1.33,8,0.68,0.3,0.3,0.4,1
29,28,8,50.4,28.4,22.0,2.75,7.2,1.76,5,0.68,0.41,0.12,0.47,1
30,21,9,89.1,72.6,16.5,1.83,2.14,2.93,4,0.82,0.45,0.37,0.18,0
31,29,22,61.5,36.6,24.9,1.13,4.21,1.6,2,0.88,0.23,0.26,0.5,0
32,12,11,58.3,12.1,46.2,4.2,6.33,2.72,4,0.84,0.68,0.17,0.15,1
33,14,7,22.1,14.1,8.0,1.14,8.52,0.25,7,0.6,0.26,0.32,0.42,0
34,28,1,47.3,23.1,24.2,24.2,1.39,0.57,1,0.75,0.55,0.33,0.12,1
35,16,14,50.4,20.6,29.8,2.13,3.13,1.32,4,0.9,0.45,0.12,0.43,0
36,30,5,51.9,49.1,2.8,0.56,9.01,1.75,5,0.74,0.21,0.14,0.5,0
37,18,14,66.4,35.9,30.5,2.18,1.08,2.45,9,0.77,0.66,0.29,0.05,0
38,16,4,62.7,32.6,30.1,7.52,2.81,2.96,7,0.89,0.63,0.07,0.3,1
39,27,22,68.6,40.6,28.0,1.27,9.63,1.17,7,0.83,0.46,0.02,0.5,0
40,13,7,81.2,49.2,32.0,4.57,6.52,0.14,4,0.7,0.31,0.18,0.5,0
41,23,1,85.0,28.7,56.3,56.3,3.36,2.4,8,0.95,0.26,0.32,0.42,1
42,27,22,77.4,61.2,16.2,0.74,1.6,1.81,3,0.58,0.38,0.31,0.31,0
43,18,8,96.4,17.7,78.7,9.84,1.25,0.6,8,1.0,0.33,0.37,0.3,1
44,30,15,21.5,4.1,17.4,1.16,3.2,1.48,10,0.56,0.45,0.21,0.34,1
45,11,5,35.7,9.1,26.6,5.32,8.93,2.23,6,0.51,0.68,0.04,0.28,1
46,29,15,20.6,18.5,2.1,0.14,4.74,2.31,5,0.95,0.49,0.24,0.27,0
47,24,9,71.8,48.0,23.8,2.64,7.48,1.5,3,0.62,0.64,0.31,0.05,0
48,16,5,91.8,26.0,65.8,13.16,9.26,0.92,1,0.86,0.53,0.04,0.43,1
49,21,9,39.5,13.0,26.5,2.94,4.67,2.92,7,0.91,0.44,0.07,0.49,1
50,17,10,94.2,27.2,67.0,6.7,2.72,1.99,5,0.93,0.63,0.0,0.37,1
51,24,20,24.8,14.7,10.1,0.5,5.65,1.22,2,1.0,0.44,0.24,0.32,0
52,12,9,94.8,47.4,47.4,5.27,9.17,0.84,6,0.65,0.63,0.32,0.05,0
53,23,21,48.1,23.4,24.7,1.18,8.24,2.19,9,0.86,0.35,0.27,0.38,0
54,26,26,28.1,20.2,7.9,0.3,1.59,0.73,6,0.56,0.26,0.39,0.35,0
55,13,9,58.9,28.2,30.7,3.41,7.23,0.52,5,0.7,0.63,0.03,0.34,0
56,27,3,40.5,20.8,19.7,6.57,6.15,1.59,1,0.92,0.49,0.36,0.15,1
57,17,11,42.8,30.2,12.6,1.15,9.17,0.87,7,0.68,0.64,0.31,0.05,0
58,13,6,44.6,7.6,37.0,6.17,2.1,1.89,0,0.8,0.67,0.13,0.2,1
59,11,2,84.2,45.4,38.8,19.4,5.81,0.35,0,0.75,0.23,0.39,0.38,1
60,15,7,63.1,41.6,21.5,3.07,8.92,1.96,5,0.82,0.45,0.12,0.43,1
61,19,18,44.9,17.4,27.5,1.53,4.69,0.85,4,0.99,0.39,0.36,0.25,0
62,13,11,68.8,41.4,27.4,2.49,5.34,0.0,8,0.53,0.51,0.35,0.14,0
63,27,2,77.3,29.7,47.6,23.8,1.63,0.38,6,0.79,0.6,0.3,0.1,1
64,21,17,41.8,13.5,28.3,1.66,3.5,2.8,1,0.93,0.34,0.23,0.43,1
65,11,11,53.1,15.6,37.5,3.41,3.92,2.6,6,0.74,0.48,0.05,0.47,0
66,19,12,29.8,12.7,17.1,1.42,9.51,0.7,2,0.54,0.55,0.21,0.24,0
67,13,11,34.5,3.3,31.2,2.84,3.54,2.34,0,0.78,0.27,0.14,0.5,1
68,23,19,74.5,6.3,68.2,3.59,5.15,1.83,10,0.67,0.61,0.32,0.07,1
69,25,22,34.5,16.1,18.4,0.84,7.04,2.91,7,0.58,0.5,0.3,0.2,0
70,24,24,62.0,7.3,54.7,2.28,2.46,1.12,2,0.92,0.67,0.28,0.05,0
71,17,7,76.7,34.6,42.1,6.01,5.38,2.04,10,0.76,0.37,0.01,0.5,1
72,23,20,28.6,20.2,8.4,0.42,7.65,0.19,7,0.97,0.25,0.32,0.43,0
73,17,6,65.4,49.5,15.9,2.65,8.8,1.19,6,0.9,0.45,0.38,0.17,0
74,30,21,40.5,13.4,27.1,1.29,6.64,2.89,1,0.85,0.24,0.32,0.44,1
75,25,24,97.0,34.4,62.6,2.61,7.02,1.62,0,0.5,0.68,0.05,0.27,1
76,22,1,58.7,13.9,44.8,44.8,2.14,0.86,6,0.71,0.22,0.03,0.5,1
77,27,17,84.5,25.8,58.7,3.45,9.51,0.36,0,0.6,0.58,0.01,0.41,1
78,24,11,64.0,48.0,16.0,1.45,2.19,2.11,5,0.96,0.46,0.25,0.29,1
79,30,22,23.5,15.8,7.7,0.35,7.97,1.93,10,0.59,0.38,0.25,0.37,0
80,22,18,70.7,28.3,42.4,2.36,3.38,1.12,9,0.64,0.23,0.39,0.38,0
81,18,17,96.1,5.2,90.9,5.35,9.4,2.85,10,0.76,0.51,0.16,0.33,1
82,24,7,68.1,3.8,64.3,9.19,7.48,0.07,9,0.63,0.49,0.13,0.38,1
83,22,17,85.5,30.1,55.4,3.26,7.78,0.91,7,0.6,0.34,0.25,0.41,0
84,10,4,90.7,56.8,33.9,8.48,2.97,2.76,6,0.8,0.66,0.29,0.05,1
85,16,9,38.2,25.9,12.3,1.37,4.99,0.96,3,0.54,0.35,0.37,0.28,0
86,18,17,37.0,25.2,11.8,0.69,6.56,0.76,0,0.53,0.42,0.32,0.26,0
87,10,4,68.9,51.9,17.0,4.25,7.93,1.6,0,0.69,0.47,0.17,0.36,0
88,21,8,52.9,6.0,46.9,5.86,1.94,2.47,3,0.86,0.25,0.25,0.5,1
89,17,17,87.2,56.9,30.3,1.78,9.66,0.31,4,0.78,0.67,0.28,0.05,0
90,20,7,92.0,57.2,34.8,4.97,9.01,2.83,6,0.71,0.39,0.2,0.41,1
91,28,1,48.3,6.8,41.5,41.5,3.43,2.39,3,0.78,0.24,0.09,0.5,1
92,26,13,38.9,34.6,4.3,0.33,8.4,0.54,9,0.68,0.39,0.07,0.5,0
93,17,17,82.4,28.1,54.3,3.19,5.66,2.14,0,0.97,0.5,0.0,0.5,0
94,12,8,42.0,27.1,14.9,1.86,5.16,1.15,10,0.53,0.46,0.29,0.25,0
95,12,3,85.8,42.9,42.9,14.3,3.83,1.21,9,0.84,0.55,0.04,0.41,1
96,10,2,53.9,9.5,44.4,22.2,6.23,2.35,6,0.95,0.23,0.1,0.5,1
97,14,1,73.4,56.3,17.1,17.1,7.57,2.89,1,0.9,0.34,0.12,0.5,1
98,19,14,27.6,18.6,9.0,0.64,4.7,0.38,10,0.59,0.61,0.22,0.17,0
99,16,3,69.9,56.5,13.4,4.47,6.66,1.26,1,0.65,0.24,0.16,0.5,1
100,18,15,56.1,17.8,38.3,2.55,7.29,1.44,7,0.86,0.63,0.27,0.1,0
101,16,2,66.9,43.5,23.4,11.7,7.4,1.13,9,0.54,0.25,0.02,0.5,1
102,18,2,33.4,4.2,29.2,14.6,1.47,1.09,9,0.91,0.62,0.05,0.33,1
103,17,17,78.9,49.1,29.8,1.75,8.74,0.16,9,0.86,0.38,0.2,0.42,0
104,21,18,89.0,31.9,57.1,3.17,5.12,2.06,4,0.86,0.51,0.13,0.36,0
105,11,6,37.3,29.9,7.4,1.23,3.36,1.31,9,0.55,0.28,0.12,0.5,0
106,10,3,27.7,12.7,15.0,5.0,3.18,0.58,1,0.86,0.23,0.03,0.5,1
107,25,4,21.9,8.1,13.8,3.45,5.35,2.45,4,0.84,0.31,0.36,0.33,1
108,14,1,71.4,39.7,31.7,31.7,8.98,2.41,7,0.92,0.26,0.28,0.46,1
109,12,8,68.6,42.4,26.2,3.28,4.41,1.46,5,0.52,0.36,0.05,0.5,0
110,21,7,63.7,33.4,30.3,4.33,7.75,0.9,2,0.51,0.46,0.03,0.5,1
111,17,3,38.6,29.7,8.9,2.97,1.87,1.91,7,0.69,0.49,0.39,0.12,1
112,12,10,51.3,21.5,29.8,2.98,5.28,0.86,8,0.57,0.59,0.27,0.14,0
113,10,10,67.6,30.6,37.0,3.7,9.93,0.71,4,0.78,0.53,0.17,0.3,0
114,12,3,59.7,57.3,2.4,0.8,7.93,2.19,1,0.96,0.5,0.28,0.22,0
115,14,14,99.0,40.7,58.3,4.16,2.89,0.12,1,0.7,0.41,0.3,0.29,1
116,24,2,30.9,13.3,17.6,8.8,5.51,0.28,6,0.92,0.44,0.31,0.25,1
117,23,1,75.6,26.4,49.2,49.2,3.1,0.02,0,0.5,0.41,0.19,0.4,1
118,12,7,52.3,31.4,20.9,2.99,4.69,0.46,9,0.58,0.62,0.17,0.21,0
119,10,7,54.3,22.3,32.0,4.57,8.02,0.21,1,0.52,0.32,0.0,0.5,0
120,14,12,77.4,63.7,13.7,1.14,7.94,2.99,9,0.66,0.2,0.37,0.43,0
121,23,18,75.4,16.2,59.2,3.29,3.05,0.87,3,0.95,0.53,0.24,0.23,1
122,16,7,99.3,41.4,57.9,8.27,9.3,0.45,0,0.55,0.3,0.08,0.5,1
123,18,8,30.3,16.6,13.7,1.71,6.33,0.72,3,0.8,0.65,0.3,0.05,1
124,24,1,28.3,17.8,10.5,10.5,4.42,2.81,10,0.73,0.63,0.32,0.05,1
125,24,23,77.9,33.3,44.6,1.94,5.52,1.56,9,0.97,0.24,0.4,0.36,0
126,19,3,66.3,23.0,43.3,14.43,6.45,1.09,4,0.56,0.25,0.35,0.4,1
127,22,8,41.9,31.6,10.3,1.29,6.04,2.62,8,0.61,0.45,0.4,0.15,0
128,28,22,26.4,5.5,20.9,0.95,5.38,1.18,0,0.51,0.5,0.1,0.4,1
129,16,9,26.9,12.8,14.1,1.57,5.54,1.01,4,0.72,0.34,0.34,0.32,1
130,26,15,91.5,51.2,40.3,2.69,2.59,0.62,1,0.64,0.56,0.33,0.11,0
131,29,5,35.3,30.3,5.0,1.0,8.31,1.13,8,0.93,0.5,0.09,0.41,0
132,13,3,45.9,7.5,38.4,12.8,5.88,0.95,5,0.8,0.36,0.04,0.5,1
133,14,3,38.1,21.1,17.0,5.67,2.18,2.03,1,0.81,0.21,0.39,0.4,1
134,16,1,48.4,22.4,26.0,26.0,7.9,0.87,2,0.77,0.58,0.12,0.3,1
135,22,15,25.6,13.3,12.3,0.82,9.39,1.73,7,0.55,0.31,0.35,0.34,0
136,24,8,61.5,53.4,8.1,1.01,9.53,0.2,0,0.72,0.62,0.0,0.38,0
137,20,2,25.4,6.7,18.7,9.35,4.32,0.57,2,1.0,0.41,0.01,0.5,1
138,13,3,84.0,39.5,44.5,14.83,2.22,1.22,9,0.92,0.49,0.19,0.32,1
139,22,14,38.7,25.7,13.0,0.93,5.67,2.81,0,0.95,0.64,0.1,0.26,0
140,16,16,63.2,28.4,34.8,2.17,2.01,1.13,10,0.91,0.63,0.28,0.09,0
141,28,24,90.4,58.7,31.7,1.32,9.41,1.99,10,0.55,0.39,0.23,0.38,0
142,11,11,72.1,37.7,34.4,3.13,2.65,0.77,7,0.61,0.3,0.03,0.5,0
143,19,16,62.6,22.8,39.8,2.49,3.27,0.38,0,0.5,0.59,0.07,0.34,1
144,22,4,45.9,30.3,15.6,3.9,4.66,0.18,4,0.65,0.42,0.16,0.42,1
145,30,20,46.6,23.1,23.5,1.18,4.45,0.92,3,0.55,0.3,0.07,0.5,0
146,15,5,73.6,13.3,60.3,12.06,8.15,0.47,6,0.74,0.65,0.3,0.05,1
147,21,21,99.5,66.2,33.3,1.59,5.11,0.52,4,0.84,0.3,0.17,0.5,0
148,21,14,72.9,48.6,24.3,1.74,2.54,2.28,7,0.94,0.21,0.04,0.5,0
149,29,23,64.6,36.9,27.7,1.2,3.4,0.05,10,0.87,0.21,0.19,0.5,0
150,20,16,78.5,67.0,11.5,0.72,5.58,1.67,0,0.97,0.51,0.04,0.45,0
151,16,2,57.2,7.4,49.8,24.9,2.33,1.14,4,0.53,0.53,0.05,0.42,1
152,10,7,24.8,18.4,6.4,0.91,6.5,1.52,3,0.51,0.36,0.1,0.5,0
153,10,10,65.0,7.3,57.7,5.77,6.09,1.69,2,0.83,0.36,0.34,0.3,1
154,29,7,96.6,76.9,19.7,2.81,7.43,0.94,4,0.64,0.37,0.37,0.26,0
155,22,1,34.0,17.0,17.0,17.0,9.44,0.89,9,0.63,0.54,0.33,0.13,1
156,18,16,75.2,31.9,43.3,2.71,9.21,2.2,2,0.67,0.23,0.13,0.5,0
157,12,3,36.1,15.8,20.3,6.77,9.51,2.61,7,0.63,0.66,0.11,0.23,1
158,16,4,62.9,18.7,44.2,11.05,3.2,0.58,2,0.76,0.31,0.22,0.47,1
159,15,13,27.7,14.2,13.5,1.04,2.18,0.29,0,0.72,0.7,0.25,0.05,0
160,17,2,56.0,32.7,23.3,11.65,3.72,2.69,8,0.76,0.29,0.4,0.31,1
161,18,1,80.5,29.2,51.3,51.3,9.06,1.05,8,0.84,0.59,0.05,0.36,1
162,14,5,47.8,17.8,30.0,6.0,9.75,1.65,5,0.69,0.31,0.02,0.5,1
163,10,4,73.2,38.9,34.3,8.57,8.73,1.08,9,0.63,0.24,0.28,0.48,1
164,28,11,83.6,19.9,63.7,5.79,1.99,0.38,0,0.58,0.64,0.31,0.05,1
165,19,10,94.2,49.6,44.6,4.46,9.53,1.77,7,0.67,0.63,0.32,0.05,0
166,21,2,38.8,19.1,19.7,9.85,4.81,1.58,1,0.87,0.4,0.27,0.33,1
167,24,3,51.9,18.7,33.2,11.07,1.08,0.61,8,0.88,0.55,0.38,0.07,1
168,18,12,32.2,7.8,24.4,2.03,4.98,1.36,7,0.83,0.48,0.2,0.32,1
169,29,20,99.4,69.6,29.8,1.49,1.41,2.39,2,0.62,0.63,0.32,0.05,0
170,26,5,94.2,60.6,33.6,6.72,5.89,1.77,4,0.79,0.36,0.39,0.25,1
171,26,5,63.2,18.3,44.9,8.98,4.05,0.29,8,0.79,0.46,0.34,0.2,1
172,29,6,87.4,25.0,62.4,10.4,5.26,1.64,0,0.74,0.44,0.12,0.44,1
173,21,9,61.7,18.4,43.3,4.81,6.52,2.11,8,0.77,0.38,0.08,0.5,1
174,16,2,69.9,50.2,19.7,9.85,8.82,2.38,3,0.75,0.65,0.22,0.13,1
175,11,5,27.1,13.2,13.9,2.78,6.96,1.89,3,0.78,0.28,0.18,0.5,1
176,12,12,80.4,66.8,13.6,1.13,4.91,0.46,3,0.86,0.27,0.35,0.38,0
177,26,3,30.2,23.3,6.9,2.3,8.37,2.13,9,0.55,0.49,0.04,0.47,1
178,14,4,86.1,20.5,65.6,16.4,9.15,2.03,8,0.87,0.53,0.1,0.37,1
179,26,26,82.6,9.2,73.4,2.82,2.08,0.07,5,0.57,0.3,0.3,0.4,0
180,26,22,76.7,28.4,48.3,2.2,5.79,1.24,10,0.53,0.4,0.04,0.5,0
181,26,12,22.9,11.5,11.4,0.95,3.56,1.0,7,0.99,0.67,0.13,0.2,0
182,11,8,44.3,28.1,16.2,2.02,1.42,2.01,3,0.98,0.32,0.15,0.5,0
183,11,1,41.0,36.5,4.5,4.5,7.02,0.65,2,0.53,0.53,0.25,0.22,1
184,14,10,48.8,5.1,43.7,4.37,8.76,1.77,0,0.72,0.57,0.06,0.37,1
185,10,8,27.0,7.4,19.6,2.45,2.47,2.74,9,0.59,0.42,0.34,0.24,1
186,10,7,95.0,65.0,30.0,4.29,8.31,2.39,6,0.74,0.67,0.18,0.15,0
187,28,17,64.3,26.0,38.3,2.25,8.68,2.76,3,0.92,0.57,0.37,0.06,1
188,11,2,44.4,36.1,8.3,4.15,9.23,2.94,7,0.98,0.43,0.19,0.38,1
189,30,19,51.8,24.1,27.7,1.46,3.39,0.03,2,0.82,0.48,0.11,0.41,1
190,21,17,55.8,16.2,39.6,2.33,9.14,1.87,0,0.68,0.55,0.06,0.39,0
191,15,14,68.0,33.9,34.1,2.44,3.89,1.24,4,0.8,0.5,0.0,0.5,0
192,13,9,61.3,26.5,34.8,3.87,5.97,2.58,1,0.66,0.64,0.21,0.15,1
193,20,8,93.6,63.6,30.0,3.75,1.45,0.76,2,0.95,0.38,0.04,0.5,1
194,26,2,59.8,9.5,50.3,25.15,1.39,2.94,5,0.94,0.35,0.16,0.49,1
195,15,13,99.4,26.1,73.3,5.64,7.48,1.84,2,0.78,0.31,0.24,0.45,1
196,14,9,88.1,49.6,38.5,4.28,5.0,2.38,2,0.66,0.22,0.11,0.5,0
197,29,7,36.7,23.3,13.4,1.91,3.31,0.26,5,0.65,0.22,0.07,0.5,1
198,11,9,94.4,16.5,77.9,8.66,2.71,0.55,4,0.52,0.64,0.31,0.05,1
199,15,6,29.3,11.3,18.0,3.0,7.03,2.28,9,0.91,0.54,0.38,0.08,1
200,20,11,85.4,43.3,42.1,3.83,1.0,0.07,8,0.73,0.53,0.04,0.43,1
201,25,14,50.4,40.7,9.7,0.69,8.25,2.45,0,0.66,0.51,0.06,0.43,0
202,25,4,90.2,57.3,32.9,8.22,1.71,0.04,2,0.74,0.62,0.33,0.05,1
203,10,10,89.4,18.8,70.6,7.06,2.72,1.97,2,0.91,0.44,0.02,0.5,1
204,18,13,84.5,77.3,7.2,0.55,4.48,1.1,10,0.56,0.64,0.31,0.05,0
205,15,2,83.2,73.6,9.6,4.8,5.36,1.83,5,0.93,0.38,0.0,0.5,0
206,25,23,44.4,27.6,16.8,0.73,4.19,2.09,7,0.95,0.66,0.29,0.05,0
207,12,5,26.5,15.2,11.3,2.26,3.89,1.03,2,0.97,0.55,0.12,0.33,1
208,29,11,52.2,10.7,41.5,3.77,9.68,0.32,2,0.7,0.33,0.38,0.29,1
209,13,6,33.9,20.6,13.3,2.22,6.77,0.21,5,0.61,0.48,0.13,0.39,1
210,28,18,75.6,28.6,47.0,2.61,1.21,1.77,7,0.69,0.47,0.26,0.27,1
211,12,5,47.7,16.9,30.8,6.16,4.87,1.56,5,0.67,0.27,0.03,0.5,1
212,28,10,98.0,35.7,62.3,6.23,8.88,2.23,9,0.59,0.5,0.1,0.4,1
213,29,4,71.3,19.1,52.2,13.05,3.71,1.53,2,0.8,0.36,0.31,0.33,1
214,16,9,85.8,29.4,56.4,6.27,1.85,1.27,3,0.74,0.23,0.21,0.5,1
215,29,6,30.6,25.5,5.1,0.85,7.83,1.19,0,0.93,0.67,0.28,0.05,0
216,18,2,89.0,48.2,40.8,20.4,6.45,0.08,7,0.52,0.52,0.17,0.31,1
217,10,1,93.8,15.2,78.6,78.6,6.13,1.01,3,0.82,0.64,0.31,0.05,1
218,17,5,59.0,13.4,45.6,9.12,1.48,2.93,5,0.88,0.54,0.18,0.28,1
219,16,9,68.5,38.3,30.2,3.36,2.26,2.62,10,0.88,0.38,0.39,0.23,1
220,27,6,81.2,19.1,62.1,10.35,6.6,0.99,2,0.94,0.46,0.38,0.16,1
221,17,12,34.0,21.4,12.6,1.05,2.87,1.76,10,0.86,0.54,0.13,0.33,0
222,10,7,60.2,24.0,36.2,5.17,5.54,2.54,10,0.96,0.68,0.27,0.05,1
223,20,10,51.9,30.7,21.2,2.12,5.9,1.32,5,0.67,0.33,0.34,0.33,0
224,27,22,31.7,7.1,24.6,1.12,3.55,0.05,10,0.75,0.64,0.08,0.28,0
225,19,6,49.4,23.5,25.9,4.32,9.54,0.22,8,0.51,0.66,0.25,0.09,1
226,12,11,25.5,10.8,14.7,1.34,8.58,1.53,8,0.5,0.54,0.03,0.43,0
227,16,8,22.1,18.0,4.1,0.51,7.5,2.91,9,0.62,0.67,0.28,0.05,0
228,25,2,30.8,7.4,23.4,11.7,1.7,2.08,2,0.55,0.4,0.07,0.5,1
229,25,12,97.0,57.8,39.2,3.27,1.96,0.21,2,0.63,0.68,0.03,0.29,1
230,29,13,64.0,36.3,27.7,2.13,5.44,0.57,3,0.59,0.55,0.16,0.29,0
231,26,25,97.3,37.2,60.1,2.4,2.45,2.31,6,0.51,0.22,0.23,0.5,0
232,11,5,54.6,10.9,43.7,8.74,9.8,2.52,2,0.95,0.65,0.3,0.05,1
233,10,7,44.9,22.6,22.3,3.19,2.43,1.85,9,0.5,0.44,0.39,0.17,0
234,25,10,60.5,36.2,24.3,2.43,5.39,1.93,7,0.87,0.43,0.18,0.39,1
235,21,13,55.2,30.0,25.2,1.94,4.28,0.09,10,0.58,0.48,0.02,0.5,0
236,14,1,28.5,10.4,18.1,18.1,6.75,2.49,7,0.96,0.27,0.3,0.43,1
237,14,10,71.3,20.7,50.6,5.06,2.16,2.36,5,0.95,0.43,0.23,0.34,1
238,18,14,37.3,12.2,25.1,1.79,4.87,0.78,3,0.83,0.62,0.18,0.2,0
239,18,2,69.6,43.6,26.0,13.0,3.47,2.13,10,0.84,0.21,0.12,0.5,1
240,12,12,72.0,17.2,54.8,4.57,8.99,0.64,10,0.5,0.34,0.2,0.46,0
241,28,22,32.2,10.9,21.3,0.97,1.37,0.12,4,0.99,0.2,0.14,0.5,0
242,25,11,24.9,9.7,15.2,1.38,9.22,0.6,1,0.94,0.41,0.3,0.29,1
243,25,1,82.5,29.4,53.1,53.1,8.5,0.54,5,0.95,0.56,0.22,0.22,1
244,12,3,56.8,21.2,35.6,11.87,3.68,1.01,2,0.83,0.6,0.35,0.05,1
245,29,21,24.7,8.6,16.1,0.77,8.1,1.26,5,0.67,0.67,0.22,0.11,0
246,10,4,99.6,39.1,60.5,15.12,1.28,1.53,4,0.95,0.5,0.1,0.4,1
247,29,19,24.6,19.4,5.2,0.27,9.7,1.43,1,0.65,0.33,0.34,0.33,0
248,20,11,75.6,60.9,14.7,1.34,5.74,0.81,4,0.78,0.66,0.22,0.12,0
249,26,8,98.7,30.0,68.7,8.59,3.73,0.09,4,0.55,0.59,0.08,0.33,1
250,17,11,39.1,32.8,6.3,0.57,4.26,1.82,8,0.96,0.49,0.25,0.26,0
251,13,4,31.4,19.5,11.9,2.98,1.6,1.19,10,0.57,0.55,0.14,0.31,1
252,15,1,29.7,10.8,18.9,18.9,9.9,0.9,7,0.61,0.66,0.29,0.05,1
253,17,7,44.3,13.9,30.4,4.34,1.35,2.6,6,0.78,0.56,0.18,0.26,1
254,29,8,28.1,12.2,15.9,1.99,6.89,2.24,2,0.88,0.38,0.29,0.33,1
255,12,3,75.4,36.7,38.7,12.9,4.98,2.57,9,0.81,0.56,0.04,0.4,1
256,25,22,25.0,16.3,8.7,0.4,9.54,1.48,3,0.62,0.22,0.16,0.5,0
257,12,2,60.8,2.5,58.3,29.15,3.21,0.39,5,0.5,0.39,0.39,0.22,1
258,27,23,99.7,41.5,58.2,2.53,5.79,2.09,2,0.88,0.4,0.32,0.28,0
259,23,15,85.1,10.0,75.1,5.01,5.34,0.62,10,0.99,0.28,0.06,0.5,1
260,27,24,69.2,60.7,8.5,0.35,7.33,1.32,8,0.9,0.21,0.11,0.5,0
261,11,6,44.5,35.4,9.1,1.52,1.61,0.2,7,0.73,0.27,0.13,0.5,0
262,12,6,69.9,39.5,30.4,5.07,2.74,2.48,5,0.95,0.53,0.26,0.21,1
263,25,5,62.2,16.8,45.4,9.08,2.93,0.38,3,0.7,0.6,0.3,0.1,1
264,18,1,54.1,22.9,31.2,31.2,7.64,2.71,6,0.76,0.69,0.26,0.05,1
265,13,10,30.5,20.5,10.0,1.0,2.7,2.59,10,0.74,0.37,0.2,0.43,0
266,10,4,90.9,30.3,60.6,15.15,6.16,1.39,2,0.72,0.5,0.32,0.18,1
267,13,4,56.0,37.6,18.4,4.6,2.94,2.23,9,0.89,0.67,0.17,0.16,1
268,10,3,35.6,23.6,12.0,4.0,8.75,1.86,7,0.76,0.28,0.05,0.5,1
269,23,3,49.4,34.0,15.4,5.13,9.48,2.41,0,0.66,0.56,0.23,0.21,1
270,30,20,53.1,27.9,25.2,1.26,5.67,1.3,2,0.63,0.58,0.37,0.05,0
271,25,11,86.2,48.5,37.7,3.43,4.17,2.36,10,0.52,0.24,0.32,0.44,0
272,29,17,78.7,21.4,57.3,3.37,3.11,1.39,4,0.79,0.63,0.23,0.14,1
273,17,13,81.5,65.9,15.6,1.2,1.45,2.82,4,0.61,0.61,0.26,0.13,0
274,16,11,20.9,12.3,8.6,0.78,3.42,1.46,9,0.57,0.22,0.37,0.41,0
275,12,2,53.3,30.9,22.4,11.2,6.89,1.39,1,0.83,0.25,0.17,0.5,1
276,26,9,58.5,14.9,43.6,4.84,5.8,2.36,9,0.84,0.22,0.13,0.5,1
277,10,10,21.5,7.6,13.9,1.39,9.5,2.46,7,0.88,0.37,0.39,0.24,0
278,25,2,40.8,8.8,32.0,16.0,4.57,1.66,4,0.75,0.45,0.35,0.2,1
279,21,21,80.8,54.8,26.0,1.24,7.24,0.54,6,0.95,0.47,0.13,0.4,0
280,28,9,31.0,6.2,24.8,2.76,5.4,1.4,6,0.97,0.33,0.19,0.48,1
281,23,9,62.8,26.0,36.8,4.09,5.61,2.9,4,0.9,0.66,0.17,0.17,1
282,15,8,37.2,23.7,13.5,1.69,3.41,2.26,7,0.82,0.38,0.06,0.5,0
283,15,1,21.0,16.2,4.8,4.8,5.09,2.43,8,0.65,0.22,0.38,0.4,1
284,22,1,39.3,6.8,32.5,32.5,5.24,0.1,3,0.99,0.35,0.16,0.49,1
285,28,25,98.1,65.3,32.8,1.31,7.36,1.4,3,0.64,0.47,0.35,0.18,0
286,17,11,84.1,48.6,35.5,3.23,9.47,1.94,7,0.6,0.4,0.08,0.5,0
287,11,8,96.8,57.2,39.6,4.95,3.96,2.49,0,0.72,0.34,0.22,0.44,0
288,30,10,59.0,24.9,34.1,3.41,1.38,0.15,3,0.53,0.27,0.01,0.5,1
289,10,9,28.8,20.6,8.2,0.91,5.47,2.56,5,0.99,0.61,0.31,0.08,0
290,24,7,63.8,13.9,49.9,7.13,5.9,1.65,3,0.79,0.7,0.23,0.07,1
291,10,3,56.4,30.9,25.5,8.5,2.52,0.59,5,0.78,0.36,0.25,0.39,1
292,14,3,87.5,11.3,76.2,25.4,7.84,0.95,4,0.83,0.39,0.02,0.5,1
293,25,18,27.8,16.7,11.1,0.62,9.86,0.85,8,0.75,0.51,0.08,0.41,0
294,28,5,59.1,17.9,41.2,8.24,9.51,1.59,9,0.52,0.56,0.03,0.41,1
295,13,12,32.0,26.0,6.0,0.5,2.77,0.16,8,0.81,0.4,0.12,0.48,0
296,12,12,46.0,9.3,36.7,3.06,8.88,0.48,3,0.86,0.65,0.25,0.1,0
297,26,19,79.0,7.8,71.2,3.75,7.34,2.44,3,0.71,0.48,0.23,0.29,1
298,26,6,58.1,57.6,0.5,0.08,5.08,0.4,7,0.88,0.43,0.24,0.33,0
299,21,2,50.1,25.9,24.2,12.1,5.87,0.7,9,0.61,0.52,0.22,0.26,1
300,23,12,51.6,28.2,23.4,1.95,8.65,1.36,3,0.61,0.68,0.11,0.21,0
301,30,19,56.8,52.6,4.2,0.22,5.32,1.55,1,0.58,0.6,0.1,0.3,0
302,15,5,82.8,47.2,35.6,7.12,4.36,2.29,1,0.69,0.22,0.05,0.5,1
303,12,12,91.4,60.9,30.5,2.54,5.44,1.34,0,0.92,0.37,0.34,0.29,0
304,18,17,96.4,63.6,32.8,1.93,6.21,2.37,4,0.91,0.44,0.25,0.31,0
305,14,13,83.0,21.4,61.6,4.74,2.7,1.86,5,0.69,0.36,0.07,0.5,0
306,26,17,45.2,30.2,15.0,0.88,9.11,0.34,8,0.79,0.55,0.07,0.38,0
307,23,10,75.1,10.1,65.0,6.5,7.07,0.47,4,0.86,0.61,0.34,0.05,1
308,30,25,55.0,37.8,17.2,0.69,6.7,1.31,5,0.62,0.57,0.3,0.13,0
309,12,7,40.4,16.5,23.9,3.41,1.9,1.19,5,0.58,0.69,0.26,0.05,1
310,10,1,87.3,74.1,13.2,13.2,6.44,2.23,2,0.99,0.34,0.16,0.5,1
311,29,15,23.1,13.4,9.7,0.65,2.09,1.74,3,0.81,0.64,0.1,0.26,0
312,30,12,92.1,65.5,26.6,2.22,1.71,1.16,0,0.99,0.58,0.37,0.05,1
313,10,8,56.9,26.4,30.5,3.81,5.75,0.51,3,0.67,0.38,0.32,0.3,0
314,12,3,71.0,23.5,47.5,15.83,4.63,0.68,0,0.85,0.57,0.12,0.31,1
315,27,8,72.7,43.1,29.6,3.7,6.3,1.73,4,0.61,0.25,0.34,0.41,1
316,19,17,91.6,82.6,9.0,0.53,1.8,1.27,10,0.63,0.59,0.3,0.11,0
317,12,7,70.9,42.2,28.7,4.1,4.88,1.54,10,0.76,0.47,0.12,0.41,0
318,17,5,69.1,29.5,39.6,7.92,2.57,0.51,7,0.66,0.35,0.17,0.48,1
319,23,22,25.3,19.5,5.8,0.26,9.88,1.99,7,0.58,0.53,0.07,0.4,0
320,27,16,61.5,25.7,35.8,2.24,6.05,2.56,4,0.63,0.52,0.04,0.44,0
321,24,6,32.0,26.8,5.2,0.87,7.19,0.77,9,0.52,0.3,0.29,0.41,0
322,11,8,79.0,55.2,23.8,2.98,3.93,1.47,1,0.85,0.22,0.11,0.5,0
323,19,18,61.0,29.0,32.0,1.78,1.85,2.93,5,0.75,0.42,0.33,0.25,0
324,11,9,74.4,43.6,30.8,3.42,9.78,1.0,0,0.55,0.48,0.4,0.12,0
325,26,12,23.3,8.0,15.3,1.28,3.58,1.79,6,0.59,0.64,0.03,0.33,1
326,17,15,26.8,25.4,1.4,0.09,4.81,0.27,10,0.55,0.66,0.19,0.15,0
327,10,10,77.3,39.4,37.9,3.79,6.85,1.82,3,0.81,0.46,0.32,0.22,0
328,18,9,25.8,14.8,11.0,1.22,1.22,0.27,4,0.55,0.58,0.32,0.1,0
329,20,13,25.7,9.3,16.4,1.26,8.29,2.88,5,0.88,0.42,0.3,0.28,0
330,25,15,21.0,8.3,12.7,0.85,5.83,2.15,10,0.51,0.57,0.14,0.29,0
331,16,16,96.5,48.1,48.4,3.02,3.5,2.36,0,0.62,0.3,0.18,0.5,0
332,19,10,79.0,26.2,52.8,5.28,1.55,2.11,8,0.95,0.39,0.24,0.37,1
333,12,7,48.3,47.3,1.0,0.14,2.46,1.77,9,0.86,0.52,0.39,0.09,0
334,27,17,43.7,33.9,9.8,0.58,9.06,1.35,3,0.54,0.21,0.13,0.5,0
335,22,21,48.0,33.6,14.4,0.69,7.17,2.58,7,0.91,0.56,0.37,0.07,0
336,16,6,82.0,26.4,55.6,9.27,3.25,2.87,4,0.75,0.62,0.11,0.27,1
337,13,10,72.9,31.6,41.3,4.13,1.59,1.5,10,0.92,0.4,0.4,0.2,1
338,22,7,34.8,29.8,5.0,0.71,7.22,2.79,7,0.8,0.42,0.27,0.31,0
339,29,14,33.9,19.1,14.8,1.06,6.15,1.75,0,0.84,0.63,0.19,0.18,1
340,10,5,27.9,11.9,16.0,3.2,4.64,1.62,7,1.0,0.59,0.25,0.16,1
341,17,7,72.8,49.3,23.5,3.36,4.27,1.36,10,0.62,0.34,0.11,0.5,0
342,23,9,81.1,68.9,12.2,1.36,2.95,0.63,10,0.81,0.36,0.11,0.5,0
343,25,19,41.2,26.0,15.2,0.8,7.03,0.01,3,0.73,0.54,0.05,0.41,0
344,23,16,21.7,2.8,18.9,1.18,9.74,0.72,1,0.52,0.48,0.05,0.47,1
345,21,8,26.6,2.0,24.6,3.08,2.58,1.53,10,0.51,0.28,0.14,0.5,1
346,28,18,97.4,52.9,44.5,2.47,6.37,1.14,5,0.56,0.35,0.31,0.34,0
347,24,23,43.6,24.7,18.9,0.82,4.82,1.35,1,0.82,0.65,0.24,0.11,0
348,11,2,81.5,34.8,46.7,23.35,5.02,2.94,4,0.78,0.54,0.04,0.42,1
349,11,4,70.0,33.6,36.4,9.1,3.29,1.05,1,0.78,0.69,0.26,0.05,1
350,28,7,50.6,39.2,11.4,1.63,8.43,1.36,2,0.52,0.58,0.24,0.18,0
351,26,3,36.5,29.8,6.7,2.23,5.37,0.4,10,0.73,0.67,0.28,0.05,1
352,29,18,29.7,7.4,22.3,1.24,5.89,0.14,5,0.96,0.31,0.27,0.42,1
353,19,10,69.2,57.4,11.8,1.18,3.74,2.33,0,0.7,0.59,0.07,0.34,0
354,15,7,82.0,10.9,71.1,10.16,2.64,1.71,5,0.81,0.21,0.19,0.5,1
355,24,17,71.5,64.2,7.3,0.43,1.77,2.28,2,0.89,0.54,0.26,0.2,0
356,20,14,62.4,8.3,54.1,3.86,7.43,0.45,6,0.89,0.43,0.01,0.5,1
357,14,8,23.4,14.6,8.8,1.1,2.77,1.72,1,0.76,0.37,0.01,0.5,0
358,10,3,97.5,89.5,8.0,2.67,7.21,0.76,5,0.93,0.63,0.05,0.32,0
359,17,12,83.9,23.3,60.6,5.05,4.51,0.68,7,0.7,0.63,0.1,0.27,1
360,30,28,43.4,19.4,24.0,0.86,4.74,0.03,0,0.94,0.21,0.17,0.5,0
361,21,13,98.4,45.3,53.1,4.08,5.22,0.39,10,0.62,0.5,0.19,0.31,0
362,21,2,68.2,36.9,31.3,15.65,4.31,0.93,10,0.64,0.38,0.06,0.5,1
363,14,3,66.6,37.0,29.6,9.87,1.91,0.35,8,0.53,0.41,0.27,0.32,1
364,16,5,79.8,54.1,25.7,5.14,3.79,2.96,4,0.9,0.62,0.24,0.14,1
365,13,11,84.9,48.5,36.4,3.31,6.97,0.93,4,0.71,0.35,0.12,0.5,0
366,15,8,72.5,34.4,38.1,4.76,6.99,0.39,4,0.61,0.67,0.01,0.32,1
367,22,12,30.2,25.6,4.6,0.38,3.58,0.6,5,0.62,0.29,0.03,0.5,0
368,29,7,47.1,15.7,31.4,4.49,5.14,1.76,1,0.95,0.53,0.16,0.31,1
369,24,15,94.2,64.6,29.6,1.97,2.74,0.19,5,0.92,0.54,0.06,0.4,0
370,12,8,38.0,35.2,2.8,0.35,2.89,2.59,10,0.78,0.33,0.15,0.5,0
371,17,17,49.8,28.6,21.2,1.25,1.21,2.88,3,0.81,0.36,0.25,0.39,0
372,29,4,54.6,26.2,28.4,7.1,9.07,0.74,7,0.74,0.62,0.22,0.16,1
373,25,22,55.2,38.4,16.8,0.76,2.9,1.35,10,0.7,0.58,0.09,0.33,0
374,22,13,69.0,51.7,17.3,1.33,3.05,0.07,8,0.96,0.36,0.14,0.5,0
375,27,18,95.4,79.1,16.3,0.91,3.52,1.92,8,0.56,0.47,0.25,0.28,0
376,19,1,39.3,23.5,15.8,15.8,2.15,1.24,7,0.71,0.23,0.34,0.43,1
377,28,16,29.7,23.3,6.4,0.4,6.75,0.81,2,0.67,0.3,0.3,0.4,0
378,26,13,35.8,25.2,10.6,0.82,1.68,0.62,9,0.75,0.44,0.22,0.34,0
379,28,10,91.0,67.0,24.0,2.4,2.21,1.96,10,0.73,0.24,0.14,0.5,0
380,14,12,71.7,59.1,12.6,1.05,6.8,1.25,10,0.76,0.62,0.15,0.23,0
381,30,30,42.9,8.9,34.0,1.13,4.06,0.54,3,0.57,0.56,0.35,0.09,0
382,18,2,85.3,52.0,33.3,16.65,7.37,2.07,0,0.76,0.67,0.02,0.31,1
383,21,3,88.9,13.5,75.4,25.13,6.02,1.7,8,0.62,0.55,0.4,0.05,1
384,30,10,87.7,57.0,30.7,3.07,3.3,2.58,4,0.59,0.67,0.27,0.06,1
385,10,2,93.5,30.4,63.1,31.55,6.86,0.35,5,0.53,0.48,0.27,0.25,1
386,10,7,40.2,10.4,29.8,4.26,2.05,2.36,2,0.88,0.5,0.02,0.48,1
387,24,13,80.4,15.1,65.3,5.02,5.83,2.02,10,0.71,0.69,0.24,0.07,1
388,11,2,56.8,25.2,31.6,15.8,4.93,0.35,9,0.81,0.52,0.19,0.29,1
389,25,3,87.4,53.7,33.7,11.23,3.41,2.08,7,0.86,0.22,0.04,0.5,1
390,17,7,78.3,35.5,42.8,6.11,6.44,1.32,6,0.84,0.56,0.11,0.33,1
391,22,14,82.1,38.0,44.1,3.15,8.84,2.83,0,0.74,0.65,0.3,0.05,0
392,30,20,72.5,50.9,21.6,1.08,9.99,0.42,9,0.69,0.6,0.22,0.18,0
393,10,1,34.2,18.5,15.7,15.7,6.47,1.93,4,0.69,0.49,0.17,0.34,1
394,25,21,63.6,44.6,19.0,0.9,4.64,1.15,9,0.82,0.54,0.03,0.43,0
395,16,12,98.8,20.0,78.8,6.57,3.03,2.87,8,0.75,0.7,0.25,0.05,1
396,14,9,95.0,85.4,9.6,1.07,3.31,0.99,10,0.92,0.25,0.28,0.47,0
397,12,8,23.5,11.5,12.0,1.5,5.32,2.89,5,0.94,0.53,0.25,0.22,1
398,21,12,33.2,24.8,8.4,0.7,4.31,2.7,7,0.59,0.34,0.2,0.46,0
399,25,15,30.5,14.0,16.5,1.1,9.22,0.81,9,0.57,0.52,0.17,0.31,0
400,28,25,78.1,47.3,30.8,1.23,4.31,2.41,0,0.82,0.5,0.24,0.26,0
401,14,10,85.4,51.3,34.1,3.41,4.36,2.99,9,0.65,0.28,0.09,0.5,0
402,23,7,37.1,22.9,14.2,2.03,4.45,0.76,10,0.51,0.3,0.38,0.32,1
403,14,4,60.5,36.2,24.3,6.08,8.53,1.31,6,0.94,0.51,0.24,0.25,1
404,24,5,87.3,35.1,52.2,10.44,6.86,1.56,2,0.61,0.26,0.12,0.5,1
405,26,1,78.6,36.8,41.8,41.8,6.53,0.88,8,0.96,0.33,0.18,0.49,1
406,23,17,63.4,15.8,47.6,2.8,4.01,0.05,5,0.86,0.62,0.32,0.06,0
407,29,3,67.2,45.7,21.5,7.17,8.36,0.66,4,0.88,0.36,0.06,0.5,1
408,14,13,60.7,28.6,32.1,2.47,1.35,0.85,7,0.6,0.44,0.12,0.44,0
409,21,14,43.8,15.8,28.0,2.0,8.84,1.33,7,0.62,0.67,0.27,0.06,0
410,25,24,65.2,40.4,24.8,1.03,5.61,0.51,2,0.76,0.31,0.13,0.5,0
411,25,18,75.1,10.4,64.7,3.59,4.58,2.62,1,0.59,0.39,0.32,0.29,1
412,30,4,89.9,42.5,47.4,11.85,5.47,2.11,1,0.65,0.5,0.05,0.45,1
413,16,2,70.9,17.5,53.4,26.7,7.01,0.26,4,0.66,0.58,0.31,0.11,1
414,13,5,80.9,46.6,34.3,6.86,1.11,1.95,9,0.58,0.65,0.03,0.32,1
415,10,9,32.8,30.2,2.6,0.29,8.84,1.96,6,0.6,0.66,0.01,0.33,0
416,14,1,56.9,14.3,42.6,42.6,5.02,2.87,7,0.89,0.59,0.36,0.05,1
417,19,14,20.7,10.9,9.8,0.7,4.09,0.01,9,0.58,0.31,0.23,0.46,0
418,14,9,39.7,7.8,31.9,3.54,2.24,0.74,7,0.51,0.21,0.14,0.5,1
419,13,1,78.1,42.9,35.2,35.2,4.96,2.78,7,0.81,0.39,0.09,0.5,1
420,11,9,99.3,26.7,72.6,8.07,5.47,2.8,9,0.99,0.27,0.25,0.48,1
421,29,24,27.9,1.3,26.6,1.11,4.63,2.16,10,0.67,0.56,0.2,0.24,1
422,19,4,52.1,27.8,24.3,6.08,7.11,2.3,2,0.56,0.53,0.4,0.07,1
423,28,12,84.0,47.1,36.9,3.08,4.79,0.27,10,0.79,0.22,0.39,0.39,1
424,10,10,36.3,13.5,22.8,2.28,9.65,1.54,1,0.95,0.62,0.25,0.13,0
425,14,5,64.4,33.7,30.7,6.14,6.39,0.69,3,0.89,0.32,0.18,0.5,1
426,22,5,78.6,55.0,23.6,4.72,8.27,0.54,0,0.81,0.42,0.2,0.38,1
427,13,11,69.3,32.2,37.1,3.37,1.98,2.43,2,0.66,0.53,0.27,0.2,1
428,25,6,35.0,17.5,17.5,2.92,4.58,0.41,10,0.77,0.41,0.04,0.5,1
429,25,7,48.4,20.7,27.7,3.96,4.03,1.41,8,0.55,0.42,0.13,0.45,1
430,11,8,82.7,14.0,68.7,8.59,6.13,2.82,6,0.84,0.23,0.03,0.5,1
431,26,14,64.3,32.6,31.7,2.26,8.75,0.56,6,0.86,0.4,0.03,0.5,0
432,29,24,20.4,14.9,5.5,0.23,1.71,2.93,0,0.98,0.58,0.08,0.34,0
433,21,11,80.9,2.5,78.4,7.13,1.65,2.98,6,0.63,0.66,0.19,0.15,1
434,27,13,22.8,19.9,2.9,0.22,8.65,1.67,9,0.51,0.41,0.31,0.28,0
435,12,2,79.7,28.3,51.4,25.7,2.92,0.51,6,0.77,0.41,0.19,0.4,1
436,10,9,36.2,26.3,9.9,1.1,7.02,0.95,3,0.85,0.55,0.13,0.32,0
437,10,7,96.6,24.6,72.0,10.29,5.89,1.27,6,0.9,0.67,0.03,0.3,1
438,28,20,49.4,11.5,37.9,1.9,8.5,0.93,7,0.6,0.33,0.22,0.45,1
439,20,4,46.2,31.0,15.2,3.8,2.13,0.84,2,0.63,0.42,0.11,0.47,1
440,14,11,31.9,10.7,21.2,1.93,2.17,2.92,9,0.76,0.6,0.25,0.15,0
441,21,8,44.4,32.3,12.1,1.51,6.01,0.46,1,0.67,0.5,0.39,0.11,0
442,12,4,90.1,69.9,20.2,5.05,9.52,2.2,6,0.93,0.26,0.04,0.5,1
443,10,6,99.7,86.8,12.9,2.15,4.73,0.0,4,0.74,0.51,0.08,0.41,0
444,10,5,49.5,20.3,29.2,5.84,3.94,1.79,4,0.9,0.29,0.19,0.5,1
445,17,13,55.9,17.0,38.9,2.99,6.46,2.75,4,0.79,0.46,0.39,0.15,1
446,19,14,77.8,27.1,50.7,3.62,9.37,0.86,6,0.89,0.46,0.31,0.23,1
447,20,10,90.9,57.9,33.0,3.3,8.53,0.56,8,0.67,0.64,0.31,0.05,0
448,21,11,67.4,50.8,16.6,1.51,9.96,1.96,10,0.92,0.43,0.13,0.44,0
449,22,2,51.3,41.2,10.1,5.05,1.2,2.14,7,0.64,0.34,0.4,0.26,1
450,21,9,53.0,23.1,29.9,3.32,2.02,2.06,5,0.77,0.32,0.04,0.5,1
451,23,17,75.6,6.6,69.0,4.06,6.49,0.96,6,0.61,0.64,0.02,0.34,0
452,11,10,20.3,4.4,15.9,1.59,8.39,0.76,8,0.74,0.29,0.34,0.37,0
453,28,3,69.6,16.7,52.9,17.63,3.57,2.87,10,0.66,0.41,0.37,0.22,1
454,27,24,48.4,20.6,27.8,1.16,3.15,2.77,5,0.63,0.29,0.04,0.5,0
455,12,6,83.5,4.6,78.9,13.15,8.08,1.37,0,0.98,0.59,0.05,0.36,1
456,26,5,27.4,22.6,4.8,0.96,1.51,2.54,3,0.58,0.44,0.01,0.5,0
457,17,5,67.1,26.4,40.7,8.14,4.32,1.36,7,0.89,0.38,0.04,0.5,1
458,19,15,58.5,12.8,45.7,3.05,5.55,1.27,6,0.99,0.38,0.08,0.5,1
459,11,7,71.4,57.4,14.0,2.0,6.04,0.47,2,0.51,0.63,0.32,0.05,0
460,28,17,25.2,13.0,12.2,0.72,7.56,1.28,9,0.85,0.48,0.27,0.25,0
461,18,9,66.4,33.7,32.7,3.63,4.19,1.61,2,0.63,0.56,0.31,0.13,1
462,16,3,64.9,42.7,22.2,7.4,6.51,0.07,10,0.52,0.65,0.3,0.05,1
463,13,4,64.9,53.8,11.1,2.78,6.27,1.33,2,0.7,0.65,0.21,0.14,0
464,30,26,68.3,7.9,60.4,2.32,5.93,2.34,0,0.97,0.36,0.32,0.32,1
465,27,17,74.1,54.0,20.1,1.18,6.76,2.04,9,0.51,0.68,0.24,0.08,0
466,22,10,84.4,56.7,27.7,2.77,3.34,1.91,0,0.79,0.21,0.13,0.5,0
467,20,3,41.6,26.4,15.2,5.07,1.76,2.73,5,0.75,0.39,0.22,0.39,1
468,13,2,86.0,48.7,37.3,18.65,2.07,0.05,0,0.94,0.65,0.21,0.14,1
469,30,18,59.9,25.3,34.6,1.92,3.02,1.67,4,0.54,0.34,0.33,0.33,0
470,13,1,26.2,7.5,18.7,18.7,5.5,2.36,3,0.84,0.34,0.39,0.27,1
471,19,3,24.7,6.4,18.3,6.1,8.56,1.62,4,0.84,0.35,0.16,0.49,1
472,14,3,46.7,4.2,42.5,14.17,7.31,0.97,6,0.83,0.51,0.31,0.18,1
473,18,6,82.8,34.6,48.2,8.03,8.1,0.41,5,0.97,0.42,0.04,0.5,1
474,12,8,76.6,9.3,67.3,8.41,4.16,2.66,8,0.91,0.56,0.31,0.13,1
475,26,15,83.1,49.0,34.1,2.27,4.64,1.41,5,0.52,0.65,0.15,0.2,0
476,12,9,61.4,29.2,32.2,3.58,4.54,2.63,8,0.74,0.54,0.02,0.44,0
477,25,9,55.2,29.1,26.1,2.9,2.73,1.76,3,0.7,0.3,0.15,0.5,1
478,13,4,31.8,9.4,22.4,5.6,1.55,2.02,0,0.66,0.67,0.24,0.09,1
479,27,14,46.3,30.9,15.4,1.1,6.32,2.41,0,0.73,0.33,0.05,0.5,0
480,26,5,54.7,11.8,42.9,8.58,9.9,1.98,9,0.69,0.27,0.37,0.36,1
481,16,2,27.1,14.9,12.2,6.1,2.5,1.19,6,0.72,0.24,0.03,0.5,1
482,14,11,37.6,17.9,19.7,1.79,1.42,1.54,2,0.99,0.48,0.37,0.15,1
483,21,9,67.9,45.8,22.1,2.46,8.02,2.41,1,0.54,0.26,0.28,0.46,0
484,26,24,78.9,43.9,35.0,1.46,3.27,1.12,5,0.96,0.27,0.13,0.5,0
485,22,3,99.9,58.4,41.5,13.83,8.47,1.16,5,0.74,0.35,0.16,0.49,1
486,12,11,94.6,40.7,53.9,4.9,7.34,0.29,6,0.81,0.34,0.3,0.36,0
487,18,9,71.4,59.6,11.8,1.31,9.51,2.74,4,0.92,0.5,0.24,0.26,0
488,26,3,53.7,27.7,26.0,8.67,4.68,0.27,7,0.68,0.61,0.27,0.12,1
489,26,25,70.9,31.8,39.1,1.56,6.96,1.94,6,0.72,0.58,0.16,0.26,0
490,29,2,82.9,49.0,33.9,16.95,5.18,1.24,1,0.7,0.33,0.2,0.47,1
491,25,12,29.5,6.2,23.3,1.94,6.68,1.22,0,0.69,0.32,0.4,0.28,1
492,22,10,52.8,18.1,34.7,3.47,5.05,2.04,8,0.96,0.68,0.09,0.23,1
493,28,9,87.2,23.8,63.4,7.04,2.7,0.2,4,0.91,0.2,0.17,0.5,1
494,26,15,50.7,37.0,13.7,0.91,5.57,1.78,10,0.55,0.64,0.12,0.24,0
495,13,8,65.7,31.0,34.7,4.34,5.76,2.32,4,0.55,0.3,0.31,0.39,0
496,21,5,67.0,62.4,4.6,0.92,8.3,2.48,9,0.71,0.67,0.28,0.05,0
497,18,11,34.8,23.5,11.3,1.03,7.62,0.51,3,0.55,0.37,0.12,0.5,0
498,28,27,49.0,11.3,37.7,1.4,6.97,2.69,1,0.81,0.42,0.03,0.5,1
499,21,2,46.8,35.9,10.9,5.45,2.02,1.97,4,0.57,0.55,0.0,0.45,1
500,18,15,22.1,9.8,12.3,0.82,7.49,2.65,1,0.76,0.49,0.17,0.34,0
501,16,6,21.9,17.2,4.7,0.78,5.5,1.46,6,0.5,0.36,0.16,0.48,0
502,23,8,86.5,73.6,12.9,1.61,9.05,1.63,10,0.66,0.48,0.4,0.12,0
503,29,27,41.8,11.8,30.0,1.11,9.28,2.76,8,0.84,0.57,0.19,0.24,0
504,28,5,61.4,31.0,30.4,6.08,1.5,2.7,8,0.74,0.22,0.1,0.5,1
505,24,16,43.9,39.4,4.5,0.28,8.39,1.34,10,0.99,0.21,0.36,0.43,0
506,25,18,95.3,86.1,9.2,0.51,1.34,0.82,5,0.94,0.43,0.2,0.37,0
507,30,6,40.7,18.9,21.8,3.63,4.3,1.18,0,0.68,0.27,0.24,0.49,1
508,14,5,54.4,16.9,37.5,7.5,5.88,1.16,5,0.52,0.53,0.04,0.43,1
509,12,12,89.8,60.7,29.1,2.43,2.33,0.86,4,0.92,0.31,0.15,0.5,0
510,21,16,87.4,27.8,59.6,3.72,7.72,0.81,3,0.96,0.42,0.38,0.2,1
511,29,13,34.9,15.1,19.8,1.52,1.08,2.58,5,0.91,0.3,0.24,0.46,1
512,30,28,84.2,48.2,36.0,1.29,2.52,0.21,5,0.56,0.47,0.14,0.39,0
513,13,5,56.7,24.6,32.1,6.42,6.23,2.03,5,1.0,0.26,0.25,0.49,1
514,30,13,58.6,44.6,14.0,1.08,7.43,0.52,1,0.63,0.21,0.36,0.43,0
515,25,17,30.7,16.1,14.6,0.86,9.25,1.03,6,0.86,0.23,0.11,0.5,0
516,16,2,26.4,18.4,8.0,4.0,7.35,0.18,3,0.95,0.68,0.2,0.12,1
517,22,8,78.2,43.3,34.9,4.36,7.05,0.81,8,0.62,0.27,0.38,0.35,0
518,30,13,59.7,37.6,22.1,1.7,4.55,2.31,9,0.95,0.55,0.07,0.38,1
519,19,19,54.9,43.7,11.2,0.59,1.01,2.66,1,0.65,0.23,0.29,0.48,0
520,16,10,78.4,30.6,47.8,4.78,2.08,0.66,4,0.99,0.25,0.25,0.5,1
521,23,3,81.2,9.0,72.2,24.07,5.81,1.39,3,0.64,0.45,0.27,0.28,1
522,14,8,32.7,12.0,20.7,2.59,7.08,1.41,8,0.98,0.43,0.14,0.43,1
523,12,8,68.8,32.9,35.9,4.49,4.76,2.62,3,0.53,0.68,0.13,0.19,1
524,20,2,30.8,11.9,18.9,9.45,7.58,2.29,7,0.85,0.67,0.27,0.06,1
525,20,8,80.1,17.6,62.5,7.81,5.7,1.54,7,0.77,0.59,0.09,0.32,1
526,27,27,72.6,9.6,63.0,2.33,1.67,2.01,5,0.74,0.5,0.17,0.33,1
527,24,13,96.5,52.5,44.0,3.38,2.73,2.54,5,0.61,0.43,0.08,0.49,1
528,21,13,25.5,15.7,9.8,0.75,8.56,0.03,10,0.85,0.38,0.0,0.5,0
529,18,1,24.6,11.3,13.3,13.3,7.52,1.21,7,0.6,0.67,0.28,0.05,1
530,19,6,42.6,29.7,12.9,2.15,9.05,2.72,9,0.78,0.5,0.17,0.33,1
531,21,19,40.9,33.2,7.7,0.41,2.06,2.22,8,0.63,0.49,0.39,0.12,0
532,26,16,39.8,15.6,24.2,1.51,9.91,1.63,4,0.98,0.32,0.06,0.5,1
533,15,8,92.5,35.5,57.0,7.12,2.88,1.59,10,0.51,0.22,0.23,0.5,1
534,16,12,40.0,31.8,8.2,0.68,1.11,1.04,0,0.6,0.67,0.08,0.25,0
535,23,1,41.8,27.5,14.3,14.3,9.98,1.56,0,0.62,0.36,0.32,0.32,1
536,22,16,80.8,38.9,41.9,2.62,3.53,1.97,1,0.71,0.42,0.31,0.27,0
537,17,9,56.0,41.1,14.9,1.66,7.01,1.26,9,0.62,0.26,0.05,0.5,0
538,19,13,82.1,32.6,49.5,3.81,2.59,2.14,9,0.75,0.62,0.33,0.05,1
539,18,11,25.2,14.9,10.3,0.94,6.22,2.58,4,0.94,0.21,0.08,0.5,0
540,27,13,59.0,12.6,46.4,3.57,9.14,0.46,3,0.86,0.62,0.25,0.13,1
541,11,9,22.7,5.9,16.8,1.87,3.88,1.35,0,0.79,0.27,0.39,0.34,0
542,14,5,25.0,4.8,20.2,4.04,7.03,1.22,3,0.54,0.64,0.31,0.05,1
543,14,10,92.5,56.8,35.7,3.57,2.69,2.06,3,0.85,0.56,0.38,0.06,0
544,15,4,31.1,8.3,22.8,5.7,6.62,0.75,9,0.58,0.28,0.14,0.5,1
545,28,27,62.6,30.3,32.3,1.2,4.03,1.92,3,0.89,0.48,0.04,0.48,0
546,17,6,52.9,22.2,30.7,5.12,2.9,2.63,0,0.63,0.36,0.08,0.5,1
547,25,7,47.8,30.0,17.8,2.54,3.82,1.25,8,0.71,0.29,0.2,0.5,1
548,22,5,92.0,51.5,40.5,8.1,2.61,2.73,2,0.68,0.63,0.32,0.05,1
549,10,10,21.7,8.8,12.9,1.29,9.12,2.98,3,0.93,0.4,0.06,0.5,0
550,29,25,73.1,6.2,66.9,2.68,4.57,0.32,4,0.56,0.4,0.26,0.34,1
551,26,19,97.1,46.7,50.4,2.65,3.21,0.7,6,0.78,0.28,0.13,0.5,0
552,16,15,64.8,16.2,48.6,3.24,5.04,2.85,5,0.57,0.39,0.14,0.47,1
553,22,10,94.9,46.8,48.1,4.81,3.88,2.87,4,0.85,0.64,0.26,0.1,1
554,13,10,24.2,8.5,15.7,1.57,7.7,0.29,7,0.95,0.38,0.19,0.43,0
555,13,11,53.5,33.4,20.1,1.83,9.74,0.04,0,0.72,0.68,0.27,0.05,0
556,15,5,40.8,28.0,12.8,2.56,4.94,0.48,6,0.74,0.67,0.06,0.27,0
557,28,7,78.5,31.6,46.9,6.7,8.75,2.99,5,0.96,0.27,0.32,0.41,1
558,21,18,98.5,44.6,53.9,2.99,6.09,0.54,10,0.76,0.29,0.03,0.5,0
559,16,4,40.5,26.0,14.5,3.62,2.42,1.51,4,0.74,0.63,0.08,0.29,1
560,19,2,72.3,39.0,33.3,16.65,7.22,2.55,6,0.79,0.4,0.26,0.34,1
561,28,14,35.8,2.7,33.1,2.36,5.62,0.06,2,0.84,0.2,0.34,0.46,1
562,16,13,65.2,8.6,56.6,4.35,6.86,1.81,0,0.55,0.34,0.1,0.5,1
563,12,12,57.1,3.2,53.9,4.49,9.01,0.83,8,0.91,0.5,0.13,0.37,1
564,22,7,97.8,42.1,55.7,7.96,4.96,2.59,1,0.72,0.6,0.21,0.19,1
565,22,2,68.7,21.4,47.3,23.65,9.11,0.85,9,0.54,0.27,0.08,0.5,1
566,27,13,48.0,27.9,20.1,1.55,7.76,2.06,2,0.89,0.26,0.32,0.42,0
567,29,14,29.1,27.8,1.3,0.09,5.4,2.02,7,0.69,0.66,0.29,0.05,0
568,17,17,32.1,22.5,9.6,0.56,6.43,0.66,9,0.55,0.58,0.06,0.36,0
569,18,9,38.0,28.0,10.0,1.11,3.93,0.1,8,0.82,0.49,0.19,0.32,0
570,16,1,40.1,15.9,24.2,24.2,9.85,1.23,2,0.94,0.58,0.31,0.11,1
571,10,8,88.0,51.9,36.1,4.51,7.01,0.87,5,0.94,0.41,0.13,0.46,0
572,12,2,64.9,60.0,4.9,2.45,1.39,2.43,6,0.98,0.58,0.25,0.17,1
573,22,13,61.9,38.1,23.8,1.83,3.94,2.4,0,0.93,0.39,0.02,0.5,0
574,26,3,29.2,11.2,18.0,6.0,6.61,1.37,6,0.5,0.32,0.24,0.44,1
575,10,6,88.8,4.6,84.2,14.03,1.51,1.82,3,0.69,0.56,0.06,0.38,1
576,15,3,77.8,28.4,49.4,16.47,1.21,1.81,4,0.91,0.41,0.33,0.26,1
577,30,30,25.4,15.1,10.3,0.34,5.05,2.48,7,0.68,0.69,0.14,0.17,0
578,15,7,76.6,20.8,55.8,7.97,3.99,1.28,3,0.8,0.37,0.11,0.5,1
579,21,10,63.5,37.6,25.9,2.59,4.94,0.83,3,0.8,0.66,0.29,0.05,1
580,22,9,26.5,12.0,14.5,1.61,3.36,0.8,7,0.68,0.67,0.02,0.31,1
581,22,2,56.7,19.7,37.0,18.5,2.48,1.61,4,0.95,0.32,0.16,0.5,1
582,24,15,58.8,24.7,34.1,2.27,7.2,1.35,5,0.75,0.6,0.15,0.25,0
583,30,30,33.3,19.6,13.7,0.46,5.63,1.32,10,0.73,0.42,0.11,0.47,0
584,25,5,95.7,82.4,13.3,2.66,2.8,0.27,4,1.0,0.66,0.29,0.05,1
585,30,29,88.0,70.6,17.4,0.6,3.88,2.16,0,0.75,0.43,0.3,0.27,0
586,20,4,73.5,36.4,37.1,9.28,6.33,0.64,6,0.59,0.57,0.03,0.4,1
587,14,4,57.0,45.0,12.0,3.0,1.65,0.59,5,0.76,0.43,0.29,0.28,0
588,13,4,52.9,50.2,2.7,0.68,2.33,1.24,1,0.91,0.31,0.21,0.48,0
589,12,2,72.1,49.4,22.7,11.35,1.66,0.68,10,0.89,0.3,0.36,0.34,1
590,28,4,63.6,16.3,47.3,11.82,8.31,1.75,6,0.89,0.41,0.13,0.46,1
591,29,27,25.0,11.8,13.2,0.49,7.77,1.11,5,0.85,0.58,0.23,0.19,0
592,27,17,61.0,48.5,12.5,0.74,7.78,1.35,4,0.63,0.5,0.2,0.3,0
593,24,12,84.5,23.2,61.3,5.11,7.45,1.61,7,0.93,0.54,0.2,0.26,1
594,18,17,56.7,46.9,9.8,0.58,7.02,0.61,4,0.95,0.34,0.18,0.48,0
595,26,10,24.2,7.2,17.0,1.7,5.29,0.47,10,0.6,0.44,0.08,0.48,1
596,23,22,82.9,38.9,44.0,2.0,6.78,2.64,1,0.57,0.22,0.3,0.48,0
597,24,1,36.1,30.6,5.5,5.5,1.35,1.3,5,0.99,0.61,0.18,0.21,1
598,10,6,40.7,21.5,19.2,3.2,6.59,1.24,0,0.93,0.69,0.26,0.05,0
599,30,26,33.2,27.1,6.1,0.23,8.0,0.11,4,0.95,0.4,0.1,0.5,0
600,12,8,46.4,27.1,19.3,2.41,5.5,1.49,5,0.94,0.21,0.27,0.5,0
601,25,18,80.5,47.5,33.0,1.83,4.22,1.66,6,0.77,0.28,0.38,0.34,0
602,20,18,61.6,25.7,35.9,1.99,3.5,1.68,1,0.82,0.53,0.27,0.2,0
603,21,14,36.4,10.6,25.8,1.84,6.79,2.12,0,0.77,0.51,0.35,0.14,1
604,19,15,90.2,49.5,40.7,2.71,7.24,0.53,5,0.53,0.59,0.33,0.08,0
605,25,12,90.4,6.5,83.9,6.99,8.84,0.76,2,0.87,0.33,0.14,0.5,1
606,17,4,89.6,58.1,31.5,7.88,4.08,2.43,4,0.75,0.58,0.24,0.18,1
607,15,11,39.1,12.9,26.2,2.38,7.93,2.84,10,0.82,0.54,0.06,0.4,0
608,21,3,56.1,17.7,38.4,12.8,6.05,0.41,1,0.75,0.36,0.21,0.43,1
609,30,20,98.8,57.7,41.1,2.06,8.95,1.49,0,0.75,0.47,0.09,0.44,0
610,17,12,81.8,58.4,23.4,1.95,5.75,0.64,0,0.59,0.27,0.3,0.43,0
611,13,7,22.2,4.8,17.4,2.49,5.66,0.18,10,0.64,0.43,0.21,0.36,1
612,17,11,25.2,9.7,15.5,1.41,6.2,0.98,3,0.58,0.64,0.16,0.2,0
613,27,1,57.1,31.9,25.2,25.2,7.74,0.43,9,0.6,0.41,0.11,0.48,1
614,14,6,92.7,57.4,35.3,5.88,9.68,2.13,1,0.99,0.62,0.33,0.05,1
615,18,15,63.1,32.0,31.1,2.07,1.66,1.6,0,0.58,0.5,0.03,0.47,0
616,13,3,59.8,21.1,38.7,12.9,1.48,0.43,5,0.63,0.3,0.02,0.5,1
617,26,11,28.4,16.6,11.8,1.07,9.44,0.03,3,0.8,0.49,0.09,0.42,1
618,18,2,72.5,25.5,47.0,23.5,5.77,2.42,9,0.81,0.45,0.39,0.16,1
619,10,2,85.8,35.8,50.0,25.0,6.53,0.53,6,0.58,0.4,0.39,0.21,1
620,30,29,50.4,11.9,38.5,1.33,5.34,1.82,10,0.9,0.26,0.26,0.48,0
621,29,4,82.0,28.8,53.2,13.3,1.84,1.01,5,0.89,0.41,0.35,0.24,1
622,22,17,97.2,1.2,96.0,5.65,7.91,1.76,4,0.62,0.24,0.09,0.5,1
623,25,3,36.3,16.0,20.3,6.77,7.73,0.95,9,0.64,0.25,0.39,0.36,1
624,22,13,61.9,4.6,57.3,4.41,3.81,0.26,1,0.97,0.41,0.06,0.5,1
625,23,9,43.0,25.4,17.6,1.96,3.76,0.67,4,0.91,0.35,0.04,0.5,1
626,12,7,83.4,14.3,69.1,9.87,8.54,0.56,8,0.85,0.66,0.04,0.3,1
627,15,15,66.2,7.1,59.1,3.94,1.65,1.28,8,0.54,0.39,0.23,0.38,1
628,27,23,70.8,48.9,21.9,0.95,8.93,1.97,1,0.71,0.58,0.31,0.11,0
629,28,11,83.8,24.7,59.1,5.37,3.31,0.79,6,0.78,0.47,0.15,0.38,1
630,14,4,51.7,47.6,4.1,1.02,6.34,0.04,9,0.59,0.55,0.39,0.06,0
631,24,2,93.2,57.2,36.0,18.0,9.42,1.56,3,0.72,0.33,0.17,0.5,1
632,11,4,62.6,16.6,46.0,11.5,7.1,1.82,2,0.8,0.67,0.06,0.27,1
633,19,11,32.6,23.8,8.8,0.8,4.73,2.89,10,0.66,0.47,0.19,0.34,0
634,27,27,75.7,49.1,26.6,0.99,7.21,1.77,0,0.89,0.62,0.27,0.11,0
635,22,3,83.5,42.1,41.4,13.8,4.1,1.41,2,0.92,0.38,0.33,0.29,1
636,14,1,45.3,14.2,31.1,31.1,3.5,1.72,10,0.66,0.25,0.18,0.5,1
637,10,8,88.6,69.9,18.7,2.34,9.97,2.78,8,0.92,0.54,0.24,0.22,0
638,10,5,92.5,56.5,36.0,7.2,7.76,2.49,8,0.55,0.2,0.11,0.5,0
639,27,15,42.2,37.5,4.7,0.31,6.8,0.97,6,0.92,0.44,0.26,0.3,0
640,24,16,98.7,14.3,84.4,5.28,4.2,0.71,2,0.58,0.3,0.39,0.31,1
641,26,5,31.3,15.9,15.4,3.08,1.44,0.79,2,0.54,0.51,0.02,0.47,1
642,20,20,36.2,22.7,13.5,0.68,1.28,1.51,3,0.82,0.69,0.26,0.05,0
643,30,6,34.7,9.0,25.7,4.28,5.99,2.23,6,0.74,0.43,0.22,0.35,1
644,26,19,91.5,51.0,40.5,2.13,7.86,1.51,6,0.95,0.61,0.1,0.29,0
645,22,5,72.3,18.1,54.2,10.84,5.84,0.2,1,0.68,0.45,0.38,0.17,1
646,10,3,32.2,23.4,8.8,2.93,8.57,2.17,4,0.64,0.45,0.19,0.36,1
647,11,11,55.2,35.9,19.3,1.75,1.3,2.42,6,0.75,0.67,0.13,0.2,0
648,18,1,69.2,31.5,37.7,37.7,4.3,0.87,6,0.73,0.64,0.07,0.29,1
649,12,10,26.7,7.0,19.7,1.97,3.13,1.99,5,0.67,0.59,0.1,0.31,1
650,10,6,90.6,34.5,56.1,9.35,5.03,1.28,9,0.85,0.35,0.33,0.32,1
651,30,15,84.3,68.4,15.9,1.06,1.65,2.67,9,0.88,0.47,0.25,0.28,0
652,25,2,60.4,21.7,38.7,19.35,9.59,2.54,7,0.93,0.31,0.37,0.32,1
653,15,13,97.4,73.0,24.4,1.88,3.01,1.58,2,0.99,0.42,0.09,0.49,0
654,26,3,53.4,32.9,20.5,6.83,9.3,2.07,0,0.63,0.44,0.05,0.5,1
655,14,1,98.7,45.9,52.8,52.8,4.83,2.65,2,0.86,0.62,0.0,0.38,1
656,14,9,73.4,59.0,14.4,1.6,9.87,1.49,10,0.7,0.65,0.2,0.15,0
657,15,8,70.8,10.6,60.2,7.52,5.99,0.94,1,0.84,0.41,0.4,0.19,1
658,12,12,33.3,27.1,6.2,0.52,9.38,2.26,1,0.74,0.21,0.28,0.5,0
659,30,18,90.6,29.2,61.4,3.41,1.05,0.66,1,1.0,0.63,0.12,0.25,1
660,14,12,54.2,18.4,35.8,2.98,7.73,1.17,4,0.86,0.29,0.35,0.36,1
661,30,16,33.0,18.6,14.4,0.9,9.13,2.6,0,0.98,0.51,0.31,0.18,1
662,14,11,21.0,10.1,10.9,0.99,2.26,2.17,9,0.92,0.21,0.01,0.5,0
663,19,8,64.8,27.9,36.9,4.61,1.87,1.21,3,0.95,0.4,0.33,0.27,1
664,19,14,62.2,13.9,48.3,3.45,4.82,0.64,9,0.91,0.69,0.12,0.19,1
665,28,25,77.5,10.8,66.7,2.67,9.4,1.07,4,0.73,0.25,0.06,0.5,0
666,26,17,91.2,69.1,22.1,1.3,5.88,0.85,1,0.63,0.41,0.09,0.5,0
667,30,29,26.4,0.9,25.5,0.88,5.75,0.53,4,0.69,0.35,0.19,0.46,1
668,23,21,78.5,18.9,59.6,2.84,2.27,2.23,9,0.51,0.65,0.17,0.18,1
669,18,8,35.0,12.0,23.0,2.88,1.01,0.76,3,0.76,0.63,0.12,0.25,1
670,23,15,88.7,54.0,34.7,2.31,8.29,1.36,7,0.75,0.32,0.07,0.5,0
671,10,2,85.5,38.9,46.6,23.3,1.79,1.16,0,0.76,0.24,0.3,0.46,1
672,28,20,63.3,26.2,37.1,1.86,6.7,2.95,4,0.99,0.51,0.4,0.09,0
673,22,7,76.8,63.9,12.9,1.84,9.23,1.17,10,0.96,0.37,0.31,0.32,0
674,22,3,45.1,19.2,25.9,8.63,2.88,0.24,9,0.58,0.54,0.12,0.34,1
675,13,13,57.7,17.5,40.2,3.09,6.99,0.27,0,0.68,0.22,0.1,0.5,0
676,10,5,85.7,38.6,47.1,9.42,1.71,1.77,9,0.71,0.27,0.09,0.5,1
677,26,24,56.7,9.8,46.9,1.95,6.43,1.8,9,0.68,0.54,0.05,0.41,0
678,17,3,48.6,18.6,30.0,10.0,2.48,1.26,3,0.9,0.31,0.22,0.47,1
679,11,4,59.5,57.6,1.9,0.48,7.62,1.3,7,0.76,0.63,0.24,0.13,0
680,17,14,86.3,34.7,51.6,3.69,3.71,0.16,0,0.79,0.23,0.28,0.49,0
681,16,15,46.8,11.6,35.2,2.35,5.17,1.55,10,0.93,0.31,0.27,0.42,0
682,11,9,33.9,30.2,3.7,0.41,6.39,1.51,1,0.9,0.7,0.12,0.18,0
683,12,7,77.0,24.3,52.7,7.53,2.54,0.45,0,0.57,0.42,0.13,0.45,1
684,27,17,86.1,43.8,42.3,2.49,7.67,0.31,10,0.86,0.55,0.27,0.18,0
685,21,12,28.1,2.0,26.1,2.18,3.72,0.37,6,0.72,0.29,0.14,0.5,1
686,10,4,39.2,28.7,10.5,2.62,6.96,0.3,1,0.65,0.5,0.09,0.41,0
687,21,4,31.4,14.1,17.3,4.32,2.42,1.83,0,0.53,0.56,0.15,0.29,1
688,14,9,47.8,31.2,16.6,1.84,7.19,0.59,5,0.74,0.36,0.11,0.5,0
689,26,6,56.0,8.3,47.7,7.95,2.15,0.75,5,0.68,0.61,0.04,0.35,1
690,25,16,79.9,46.5,33.4,2.09,4.83,0.52,9,0.63,0.5,0.33,0.17,0
691,24,22,72.1,11.5,60.6,2.75,3.22,2.87,1,0.85,0.39,0.34,0.27,1
692,24,22,69.7,58.6,11.1,0.5,7.74,2.56,0,0.88,0.48,0.09,0.43,0
693,14,5,48.2,23.3,24.9,4.98,3.36,0.69,9,0.62,0.49,0.03,0.48,1
694,30,21,87.3,37.9,49.4,2.35,8.94,0.98,2,0.52,0.28,0.3,0.42,0
695,23,2,57.7,18.5,39.2,19.6,9.03,0.63,9,0.92,0.4,0.08,0.5,1
696,11,8,98.3,15.9,82.4,10.3,2.77,1.48,4,0.5,0.37,0.16,0.47,1
697,20,8,70.7,31.1,39.6,4.95,6.52,0.06,5,0.97,0.4,0.03,0.5,1
698,28,11,30.1,26.2,3.9,0.35,1.79,2.01,2,0.81,0.58,0.09,0.33,0
699,16,16,74.1,50.8,23.3,1.46,4.52,1.57,8,0.66,0.44,0.32,0.24,0
700,15,13,46.0,37.3,8.7,0.67,7.42,2.7,10,0.62,0.67,0.28,0.05,0
701,11,1,74.9,7.6,67.3,67.3,6.93,0.49,4,0.5,0.35,0.08,0.5,1
702,15,8,25.6,10.1,15.5,1.94,6.62,2.41,1,0.62,0.41,0.13,0.46,1
703,27,21,34.0,20.8,13.2,0.63,3.54,2.38,9,0.57,0.59,0.05,0.36,0
704,11,2,88.5,37.8,50.7,25.35,4.4,0.38,5,0.81,0.47,0.03,0.5,1
705,27,18,38.2,14.2,24.0,1.33,1.93,1.2,7,0.58,0.47,0.4,0.13,0
706,24,14,87.0,36.3,50.7,3.62,7.47,0.51,10,0.76,0.23,0.26,0.5,0
707,28,15,42.3,14.4,27.9,1.86,5.53,0.76,5,0.8,0.4,0.22,0.38,1
708,11,6,71.4,18.5,52.9,8.82,7.38,0.79,3,0.65,0.34,0.31,0.35,1
709,29,11,75.5,57.2,18.3,1.66,3.24,1.67,5,0.52,0.7,0.25,0.05,0
710,15,13,61.0,30.2,30.8,2.37,3.92,1.23,7,0.52,0.35,0.32,0.33,0
711,10,9,44.4,17.6,26.8,2.98,4.01,2.84,7,0.51,0.64,0.01,0.35,0
712,24,1,37.0,9.0,28.0,28.0,1.23,0.38,9,0.87,0.54,0.07,0.39,1
713,19,6,22.7,5.8,16.9,2.82,4.07,2.92,1,0.66,0.37,0.26,0.37,1
714,28,9,44.3,29.8,14.5,1.61,8.23,0.69,7,0.9,0.47,0.15,0.38,0
715,26,8,72.3,58.0,14.3,1.79,9.08,2.32,5,0.72,0.62,0.33,0.05,0
716,14,11,95.1,51.1,44.0,4.0,5.66,1.02,1,0.73,0.64,0.27,0.09,0
717,13,6,89.7,34.1,55.6,9.27,5.1,0.43,0,0.76,0.28,0.38,0.34,1
718,19,19,81.3,15.2,66.1,3.48,1.28,2.57,5,0.86,0.37,0.08,0.5,1
719,26,24,83.1,63.4,19.7,0.82,8.91,0.93,6,0.64,0.37,0.35,0.28,0
720,19,9,73.2,65.0,8.2,0.91,1.12,1.98,9,0.56,0.22,0.13,0.5,0
721,26,17,40.8,30.4,10.4,0.61,9.5,1.7,4,0.78,0.5,0.4,0.1,0
722,29,12,92.6,82.5,10.1,0.84,5.4,1.42,9,0.66,0.63,0.06,0.31,0
723,14,9,73.7,27.6,46.1,5.12,4.08,1.49,7,0.72,0.39,0.21,0.4,1
724,11,6,64.8,25.9,38.9,6.48,9.32,2.2,10,0.82,0.57,0.32,0.11,0
725,15,6,28.9,8.3,20.6,3.43,1.22,0.26,8,0.75,0.51,0.17,0.32,1
726,30,28,55.8,41.4,14.4,0.51,6.23,2.0,3,0.81,0.39,0.19,0.42,0
727,11,4,56.8,14.9,41.9,10.48,5.94,2.69,6,0.77,0.27,0.39,0.34,1
728,22,1,89.2,64.4,24.8,24.8,2.97,0.17,7,0.87,0.55,0.17,0.28,1
729,20,10,63.7,22.5,41.2,4.12,4.86,0.42,5,0.85,0.63,0.24,0.13,1
730,20,8,50.4,2.7,47.7,5.96,6.87,2.15,1,0.77,0.54,0.02,0.44,1
731,25,18,98.1,73.3,24.8,1.38,7.54,1.31,6,0.84,0.21,0.34,0.45,0
732,20,1,28.9,20.1,8.8,8.8,1.01,1.21,8,0.94,0.31,0.26,0.43,1
733,28,2,53.8,37.0,16.8,8.4,9.43,0.41,4,0.72,0.23,0.16,0.5,1
734,24,1,23.4,15.3,8.1,8.1,2.48,1.52,1,0.71,0.49,0.01,0.5,1
735,25,1,79.2,56.3,22.9,22.9,3.1,0.38,3,0.88,0.58,0.24,0.18,1
736,20,9,93.4,57.4,36.0,4.0,3.37,1.43,2,0.79,0.26,0.01,0.5,1
737,25,13,42.4,23.7,18.7,1.44,1.34,2.29,3,0.54,0.62,0.0,0.38,1
738,17,1,88.7,29.5,59.2,59.2,2.11,0.77,9,0.95,0.48,0.25,0.27,1
739,13,13,43.4,10.7,32.7,2.52,9.88,1.44,6,0.52,0.54,0.08,0.38,0
740,17,7,92.9,26.9,66.0,9.43,3.84,2.98,9,0.87,0.69,0.08,0.23,1
741,13,2,80.3,37.6,42.7,21.35,2.04,2.06,7,0.88,0.24,0.26,0.5,1
742,12,6,84.4,74.6,9.8,1.63,1.96,2.52,0,0.98,0.65,0.02,0.33,0
743,12,7,21.4,2.0,19.4,2.77,7.48,1.24,7,0.53,0.26,0.13,0.5,1
744,27,26,97.0,44.3,52.7,2.03,8.69,2.3,4,0.8,0.4,0.06,0.5,0
745,28,14,78.1,40.0,38.1,2.72,3.31,0.12,6,0.71,0.63,0.23,0.14,1
746,28,26,44.4,10.7,33.7,1.3,1.19,0.37,10,0.67,0.65,0.26,0.09,1
747,30,18,86.4,48.0,38.4,2.13,3.01,0.61,10,0.55,0.45,0.29,0.26,0
748,14,2,42.5,19.6,22.9,11.45,1.51,1.21,0,0.78,0.5,0.1,0.4,1
749,27,10,89.8,31.7,58.1,5.81,1.93,2.54,1,0.74,0.55,0.04,0.41,1
750,19,12,29.0,6.2,22.8,1.9,4.88,1.04,0,0.55,0.62,0.03,0.35,1
751,30,17,76.3,43.1,33.2,1.95,3.07,1.96,4,0.81,0.26,0.17,0.5,0
752,15,8,63.3,27.0,36.3,4.54,5.64,2.13,5,0.87,0.61,0.34,0.05,1
753,10,3,27.7,4.8,22.9,7.63,3.28,1.76,9,0.88,0.44,0.09,0.47,1
754,14,11,39.4,18.2,21.2,1.93,9.46,1.07,8,0.95,0.43,0.1,0.47,0
755,18,6,21.0,11.8,9.2,1.53,9.15,1.73,7,0.7,0.41,0.04,0.5,1
756,21,9,57.5,24.8,32.7,3.63,6.1,1.03,6,0.98,0.45,0.24,0.31,1
757,23,6,44.1,27.3,16.8,2.8,4.19,0.25,4,0.93,0.67,0.27,0.06,1
758,11,9,67.9,25.4,42.5,4.72,4.43,2.98,2,0.65,0.47,0.26,0.27,1
759,26,7,43.8,16.3,27.5,3.93,4.71,0.38,8,0.58,0.68,0.27,0.05,1
760,23,9,44.0,14.7,29.3,3.26,7.55,0.22,4,0.72,0.29,0.19,0.5,1
761,22,18,79.5,57.2,22.3,1.24,5.06,2.64,2,0.7,0.56,0.05,0.39,0
762,18,12,23.9,11.4,12.5,1.04,8.71,0.91,2,0.79,0.61,0.12,0.27,0
763,24,8,92.2,31.8,60.4,7.55,9.5,1.95,2,0.79,0.54,0.26,0.2,1
764,24,8,88.2,34.8,53.4,6.68,4.02,0.99,5,0.87,0.5,0.25,0.25,1
765,20,18,73.4,31.9,41.5,2.31,6.05,1.17,0,0.75,0.48,0.21,0.31,0
766,25,20,67.5,24.5,43.0,2.15,1.86,0.79,10,0.55,0.63,0.27,0.1,0
767,26,15,91.4,67.9,23.5,1.57,2.8,1.03,3,0.93,0.61,0.25,0.14,0
768,13,11,34.8,21.2,13.6,1.24,4.72,1.23,7,0.65,0.26,0.35,0.39,0
769,10,7,26.3,17.6,8.7,1.24,2.86,2.16,2,0.99,0.62,0.23,0.15,0
770,17,11,39.2,19.4,19.8,1.8,8.89,1.53,4,0.56,0.41,0.31,0.28,0
771,26,20,83.6,18.3,65.3,3.26,2.42,2.83,1,0.98,0.33,0.1,0.5,1
772,12,4,22.8,15.9,6.9,1.72,5.1,0.13,1,0.55,0.63,0.27,0.1,1
773,29,6,66.6,30.9,35.7,5.95,6.45,1.51,10,0.62,0.42,0.36,0.22,1
774,24,22,99.6,65.8,33.8,1.54,7.23,1.75,6,0.52,0.6,0.15,0.25,0
775,24,3,88.5,66.0,22.5,7.5,4.45,2.76,9,0.85,0.33,0.31,0.36,1
776,23,9,61.7,27.8,33.9,3.77,8.82,0.15,2,0.93,0.2,0.29,0.5,1
777,23,10,25.1,18.7,6.4,0.64,6.11,1.72,4,0.72,0.45,0.02,0.5,0
778,11,11,86.5,40.1,46.4,4.22,4.96,2.56,2,0.96,0.25,0.23,0.5,0
779,22,18,67.9,26.5,41.4,2.3,1.61,0.73,5,0.8,0.58,0.05,0.37,1
780,23,22,29.2,20.3,8.9,0.4,5.18,2.63,9,0.82,0.34,0.39,0.27,0
781,28,12,27.5,13.8,13.7,1.14,8.39,0.06,2,0.92,0.42,0.32,0.26,1
782,16,7,92.8,12.5,80.3,11.47,6.53,2.2,7,0.65,0.24,0.04,0.5,1
783,12,12,73.5,66.1,7.4,0.62,8.49,2.8,1,0.68,0.34,0.05,0.5,0
784,24,13,86.3,49.3,37.0,2.85,5.45,1.97,2,0.95,0.59,0.24,0.17,0
785,23,13,90.3,7.1,83.2,6.4,2.07,1.32,7,0.95,0.28,0.14,0.5,1
786,20,19,65.7,26.1,39.6,2.08,1.12,0.13,7,0.99,0.52,0.01,0.47,1
787,24,19,61.4,12.3,49.1,2.58,3.73,2.76,0,0.95,0.66,0.22,0.12,1
788,22,14,54.4,11.8,42.6,3.04,7.28,1.41,7,0.56,0.54,0.16,0.3,0
789,27,4,45.4,10.8,34.6,8.65,8.11,0.09,9,0.91,0.61,0.04,0.35,1
790,15,13,54.8,21.6,33.2,2.55,3.66,2.07,1,0.7,0.25,0.32,0.43,0
791,12,8,81.9,27.6,54.3,6.79,5.46,1.45,6,1.0,0.33,0.37,0.3,1
792,28,23,68.2,46.0,22.2,0.97,4.79,0.37,5,0.74,0.65,0.3,0.05,0
793,24,21,91.4,50.9,40.5,1.93,4.69,0.64,1,0.78,0.56,0.33,0.11,0
794,14,7,55.5,9.4,46.1,6.59,3.08,0.19,4,0.76,0.52,0.09,0.39,1
795,19,19,68.6,10.6,58.0,3.05,2.23,1.72,6,0.66,0.53,0.11,0.36,1
796,16,12,70.5,35.6,34.9,2.91,2.77,1.87,7,0.54,0.41,0.08,0.5,0
797,26,18,67.3,29.2,38.1,2.12,1.5,1.52,2,0.95,0.22,0.31,0.47,1
798,16,6,76.2,51.9,24.3,4.05,2.78,2.45,0,0.9,0.59,0.36,0.05,1
799,21,18,39.0,13.8,25.2,1.4,1.08,2.58,6,0.57,0.54,0.29,0.17,0
800,26,19,61.0,54.0,7.0,0.37,6.65,1.85,4,0.89,0.44,0.35,0.21,0
801,22,22,28.3,19.6,8.7,0.4,3.85,0.04,4,0.81,0.65,0.26,0.09,0
802,29,5,50.8,22.0,28.8,5.76,9.76,2.09,6,0.7,0.37,0.16,0.47,1
803,13,8,59.0,30.2,28.8,3.6,2.74,1.25,0,0.63,0.35,0.17,0.48,1
804,19,9,72.2,30.3,41.9,4.66,4.11,1.7,7,0.93,0.64,0.03,0.33,1
805,12,11,96.0,52.1,43.9,3.99,4.22,1.95,9,0.85,0.6,0.01,0.39,0
806,18,3,68.1,61.2,6.9,2.3,1.08,1.05,4,0.77,0.46,0.28,0.26,1
807,22,10,79.5,15.5,64.0,6.4,8.55,2.75,7,0.8,0.27,0.18,0.5,1
808,27,19,60.5,35.2,25.3,1.33,1.29,0.4,9,0.55,0.31,0.22,0.47,0
809,24,3,70.7,35.6,35.1,11.7,9.46,2.01,9,0.74,0.53,0.22,0.25,1
810,13,13,25.7,4.1,21.6,1.66,9.03,0.01,4,0.6,0.39,0.11,0.5,0
811,24,22,40.4,10.8,29.6,1.35,5.82,2.77,6,0.6,0.62,0.19,0.19,0
812,11,1,48.9,7.2,41.7,41.7,5.89,0.34,9,0.83,0.67,0.19,0.14,1
813,24,7,57.8,31.4,26.4,3.77,6.88,0.28,2,0.96,0.6,0.16,0.24,1
814,17,12,23.7,14.7,9.0,0.75,4.48,1.0,1,0.7,0.39,0.33,0.28,0
815,17,17,31.2,6.4,24.8,1.46,6.83,1.12,5,0.6,0.59,0.18,0.23,1
816,26,21,42.1,19.9,22.2,1.06,1.4,0.64,4,0.82,0.38,0.24,0.38,0
817,21,20,97.7,63.7,34.0,1.7,1.49,1.76,8,0.94,0.28,0.36,0.36,0
818,28,5,46.5,5.2,41.3,8.26,5.12,1.33,9,0.87,0.22,0.35,0.43,1
819,19,4,58.6,39.7,18.9,4.72,5.95,0.1,3,0.93,0.39,0.36,0.25,1
820,18,12,35.7,19.7,16.0,1.33,8.99,0.96,10,0.77,0.65,0.11,0.24,0
821,14,14,68.9,36.2,32.7,2.34,1.94,2.43,2,0.88,0.32,0.01,0.5,0
822,15,4,42.5,13.2,29.3,7.32,8.4,2.07,8,0.57,0.3,0.1,0.5,1
823,29,28,36.6,25.7,10.9,0.39,2.89,2.17,7,0.67,0.68,0.11,0.21,0
824,11,8,61.3,54.8,6.5,0.81,4.55,2.09,5,0.69,0.21,0.36,0.43,0
825,22,18,20.4,8.2,12.2,0.68,3.85,0.93,0,0.76,0.59,0.26,0.15,0
826,15,1,20.6,9.5,11.1,11.1,4.6,0.3,9,0.96,0.36,0.03,0.5,1
827,14,3,37.5,30.1,7.4,2.47,2.35,0.82,10,0.94,0.22,0.05,0.5,1
828,10,9,22.9,11.4,11.5,1.28,5.53,2.5,0,0.57,0.66,0.06,0.28,0
829,30,4,28.6,23.2,5.4,1.35,8.21,2.94,5,0.59,0.27,0.25,0.48,1
830,30,26,47.1,16.7,30.4,1.17,4.97,1.48,2,0.68,0.48,0.29,0.23,0
831,15,5,84.2,66.1,18.1,3.62,5.42,0.03,2,0.65,0.34,0.34,0.32,0
832,15,2,65.8,25.4,40.4,20.2,8.64,0.42,5,0.81,0.23,0.38,0.39,1
833,25,4,61.0,19.1,41.9,10.48,7.35,0.97,2,0.95,0.22,0.08,0.5,1
834,13,2,43.5,21.2,22.3,11.15,5.41,1.74,10,0.98,0.26,0.12,0.5,1
835,20,15,94.5,12.7,81.8,5.45,3.32,0.23,9,0.83,0.24,0.1,0.5,1
836,18,2,51.8,49.8,2.0,1.0,8.96,2.83,5,0.92,0.58,0.14,0.28,0
837,12,4,27.0,6.3,20.7,5.18,6.19,1.1,4,0.76,0.44,0.37,0.19,1
838,28,6,69.4,31.1,38.3,6.38,2.99,2.74,3,0.6,0.37,0.23,0.4,1
839,17,7,29.1,8.3,20.8,2.97,3.42,2.34,7,0.76,0.41,0.3,0.29,1
840,14,10,47.6,8.5,39.1,3.91,8.23,2.27,1,0.78,0.66,0.2,0.14,1
841,13,3,60.6,31.8,28.8,9.6,1.4,1.82,10,0.87,0.66,0.01,0.33,1
842,15,3,89.9,44.4,45.5,15.17,9.93,1.88,6,0.61,0.56,0.03,0.41,1
843,11,10,59.5,9.1,50.4,5.04,2.17,1.91,3,0.68,0.64,0.22,0.14,1
844,29,22,76.2,47.8,28.4,1.29,8.16,1.89,1,0.68,0.36,0.29,0.35,0
845,20,12,99.4,37.2,62.2,5.18,4.55,1.66,6,0.98,0.39,0.09,0.5,1
846,13,3,30.5,11.6,18.9,6.3,5.43,2.96,0,0.72,0.51,0.29,0.2,1
847,24,13,42.0,8.9,33.1,2.55,8.93,2.2,3,0.88,0.51,0.32,0.17,1
848,15,2,51.6,45.6,6.0,3.0,4.72,2.33,8,0.88,0.44,0.16,0.4,0
849,26,8,53.7,47.4,6.3,0.79,5.84,2.62,3,0.63,0.4,0.3,0.3,0
850,15,5,52.9,33.0,19.9,3.98,1.44,0.65,2,0.79,0.69,0.16,0.15,1
851,28,15,92.6,49.0,43.6,2.91,1.02,0.25,9,0.95,0.61,0.27,0.12,1
852,11,1,77.1,36.6,40.5,40.5,3.2,1.45,9,0.74,0.42,0.31,0.27,1
853,24,3,68.6,49.5,19.1,6.37,7.13,1.54,1,0.97,0.56,0.39,0.05,1
854,20,8,44.7,40.6,4.1,0.51,2.09,2.49,2,0.61,0.33,0.14,0.5,0
855,17,4,85.9,3.9,82.0,20.5,2.02,1.33,0,0.54,0.25,0.16,0.5,1
856,28,16,96.4,60.8,35.6,2.22,4.7,1.71,9,0.95,0.38,0.07,0.5,0
857,22,10,85.7,17.1,68.6,6.86,6.83,1.58,7,0.92,0.4,0.08,0.5,1
858,21,12,20.1,14.4,5.7,0.48,7.41,0.11,0,1.0,0.21,0.28,0.5,0
859,14,14,70.9,36.8,34.1,2.44,2.61,1.85,2,0.84,0.61,0.34,0.05,0
860,15,14,24.1,18.9,5.2,0.37,1.72,2.48,2,0.97,0.38,0.16,0.46,0
861,13,2,40.6,4.3,36.3,18.15,9.46,0.47,1,0.91,0.49,0.07,0.44,1
862,28,23,24.8,16.1,8.7,0.38,3.35,1.78,4,0.92,0.24,0.11,0.5,0
863,29,5,68.3,56.6,11.7,2.34,8.68,1.78,9,0.78,0.29,0.18,0.5,0
864,10,5,74.9,12.6,62.3,12.46,8.77,0.49,2,0.69,0.64,0.12,0.24,1
865,29,6,29.2,18.6,10.6,1.77,7.95,0.37,2,0.97,0.5,0.09,0.41,1
866,26,13,50.7,10.5,40.2,3.09,2.52,2.94,7,0.72,0.68,0.27,0.05,1
867,21,9,56.5,28.4,28.1,3.12,8.4,1.18,3,0.77,0.7,0.0,0.3,1
868,24,22,49.5,45.5,4.0,0.18,7.92,0.68,3,0.72,0.39,0.22,0.39,0
869,10,8,29.7,4.8,24.9,3.11,6.37,0.51,2,0.78,0.35,0.32,0.33,1
870,23,7,53.5,35.9,17.6,2.51,4.03,2.0,10,0.74,0.63,0.11,0.26,0
871,15,9,80.1,33.3,46.8,5.2,3.36,1.83,0,0.52,0.7,0.24,0.06,1
872,14,4,25.7,11.9,13.8,3.45,2.1,1.93,7,0.94,0.51,0.27,0.22,1
873,20,2,26.4,19.5,6.9,3.45,5.59,0.26,0,0.72,0.6,0.26,0.14,1
874,13,7,48.4,10.2,38.2,5.46,6.27,2.68,6,0.79,0.59,0.18,0.23,1
875,22,6,95.3,16.4,78.9,13.15,4.23,1.17,4,0.57,0.38,0.14,0.48,1
876,20,17,73.5,53.2,20.3,1.19,5.28,0.94,3,0.5,0.49,0.33,0.18,0
877,12,11,74.3,40.0,34.3,3.12,4.27,1.39,3,0.62,0.62,0.3,0.08,0
878,10,9,49.0,27.0,22.0,2.44,6.77,1.17,7,0.85,0.54,0.13,0.33,0
879,15,9,67.5,33.1,34.4,3.82,9.11,2.59,10,0.55,0.21,0.04,0.5,0
880,27,2,20.8,10.6,10.2,5.1,2.48,2.79,10,0.95,0.37,0.03,0.5,1
881,19,3,70.9,38.4,32.5,10.83,4.43,0.91,5,0.61,0.27,0.04,0.5,1
882,14,5,93.1,47.3,45.8,9.16,2.27,2.59,0,0.6,0.32,0.23,0.45,1
883,19,5,69.0,18.0,51.0,10.2,6.62,2.34,9,0.59,0.65,0.02,0.33,1
884,21,1,89.9,43.4,46.5,46.5,7.56,2.79,7,0.51,0.22,0.13,0.5,1
885,11,8,77.9,8.3,69.6,8.7,9.39,0.74,1,0.89,0.31,0.3,0.39,1
886,22,12,29.6,20.1,9.5,0.79,3.51,1.73,5,0.94,0.35,0.12,0.5,0
887,17,4,92.2,26.9,65.3,16.32,9.55,0.82,8,0.81,0.51,0.31,0.18,1
888,11,7,25.3,13.2,12.1,1.73,1.57,2.47,0,0.59,0.47,0.3,0.23,1
889,29,15,62.7,36.0,26.7,1.78,6.43,0.02,5,0.64,0.31,0.1,0.5,0
890,10,10,31.4,12.8,18.6,1.86,1.51,1.69,7,0.74,0.28,0.29,0.43,0
891,14,3,20.9,7.6,13.3,4.43,9.04,1.02,9,0.98,0.32,0.3,0.38,1
892,18,14,53.8,17.6,36.2,2.59,5.77,0.97,1,0.62,0.45,0.16,0.39,0
893,26,16,43.6,16.1,27.5,1.72,7.02,1.93,4,0.87,0.34,0.08,0.5,1
894,18,10,58.9,15.7,43.2,4.32,8.48,2.55,5,0.72,0.67,0.21,0.12,0
895,20,10,66.2,22.0,44.2,4.42,2.35,1.83,4,0.65,0.43,0.37,0.2,1
896,24,12,23.5,3.0,20.5,1.71,1.35,2.56,2,0.73,0.23,0.26,0.5,1
897,15,14,29.8,12.0,17.8,1.27,8.91,0.79,3,0.54,0.56,0.07,0.37,0
898,12,9,64.7,24.0,40.7,4.52,3.83,1.56,6,0.9,0.36,0.27,0.37,0
899,26,1,47.5,26.6,20.9,20.9,2.16,1.35,3,0.62,0.53,0.17,0.3,1
900,14,5,78.3,48.8,29.5,5.9,5.22,0.03,8,0.86,0.34,0.24,0.42,1
901,21,20,72.2,56.1,16.1,0.8,6.38,1.67,10,0.53,0.49,0.29,0.22,0
902,27,8,87.6,40.5,47.1,5.89,1.28,1.98,9,0.98,0.59,0.21,0.2,1
903,23,11,75.4,62.3,13.1,1.19,3.47,1.78,1,0.6,0.66,0.29,0.05,0
904,30,12,54.4,14.8,39.6,3.3,1.3,2.21,4,0.94,0.33,0.29,0.38,1
905,20,1,73.8,41.1,32.7,32.7,4.78,1.71,7,0.9,0.37,0.25,0.38,1
906,18,11,42.0,28.5,13.5,1.23,9.06,0.2,4,0.98,0.43,0.06,0.5,0
907,11,5,44.5,39.9,4.6,0.92,9.84,0.35,9,0.74,0.66,0.29,0.05,0
908,21,15,83.1,28.4,54.7,3.65,6.73,1.79,7,0.86,0.65,0.3,0.05,1
909,12,5,55.7,18.7,37.0,7.4,2.45,0.82,7,0.69,0.24,0.05,0.5,1
910,12,12,83.9,36.4,47.5,3.96,9.15,0.24,8,0.59,0.27,0.2,0.5,0
911,10,5,85.8,51.6,34.2,6.84,5.65,1.29,9,0.72,0.45,0.1,0.45,0
912,17,17,88.6,37.1,51.5,3.03,2.38,1.66,5,0.58,0.25,0.3,0.45,0
913,17,17,93.3,88.4,4.9,0.29,9.3,0.99,3,0.99,0.37,0.29,0.34,0
914,20,12,54.5,28.7,25.8,2.15,7.82,2.16,10,0.55,0.27,0.06,0.5,0
915,18,15,45.5,10.5,35.0,2.33,7.59,1.93,2,0.79,0.52,0.35,0.13,0
916,14,6,66.6,57.0,9.6,1.6,7.38,1.0,4,0.81,0.67,0.07,0.26,0
917,23,12,49.7,41.4,8.3,0.69,2.8,2.26,5,0.77,0.7,0.25,0.05,0
918,12,11,68.1,38.3,29.8,2.71,2.9,1.95,2,0.83,0.39,0.18,0.43,0
919,30,29,76.4,56.1,20.3,0.7,7.19,1.91,1,0.56,0.5,0.13,0.37,0
920,14,4,75.1,24.2,50.9,12.72,2.98,1.66,6,0.78,0.63,0.06,0.31,1
921,14,2,50.0,37.9,12.1,6.05,4.95,0.03,10,0.64,0.26,0.07,0.5,1
922,28,14,33.3,21.9,11.4,0.81,8.04,2.09,4,0.97,0.54,0.26,0.2,0
923,23,2,54.4,33.6,20.8,10.4,8.06,1.13,8,0.88,0.4,0.22,0.38,1
924,13,9,31.4,15.0,16.4,1.82,5.08,2.83,2,0.99,0.3,0.05,0.5,0
925,22,5,91.2,65.7,25.5,5.1,8.13,2.45,7,0.52,0.4,0.05,0.5,1
926,19,1,47.7,21.2,26.5,26.5,8.55,1.76,5,0.64,0.24,0.03,0.5,1
927,27,23,32.4,24.0,8.4,0.37,6.89,0.76,3,0.6,0.55,0.3,0.15,0
928,17,3,22.0,12.9,9.1,3.03,3.06,0.61,8,0.51,0.33,0.28,0.39,1
929,17,6,71.7,56.4,15.3,2.55,3.47,1.02,4,0.62,0.36,0.02,0.5,0
930,16,5,71.0,15.5,55.5,11.1,3.83,1.43,9,0.84,0.26,0.22,0.5,1
931,17,5,47.2,16.9,30.3,6.06,2.05,0.89,5,0.62,0.63,0.03,0.34,1
932,23,1,25.7,16.6,9.1,9.1,3.46,1.54,8,0.75,0.45,0.36,0.19,1
933,28,17,52.8,5.5,47.3,2.78,2.89,0.5,6,0.94,0.49,0.36,0.15,1
934,15,3,44.9,29.1,15.8,5.27,5.1,2.93,4,0.85,0.48,0.28,0.24,1
935,10,10,74.2,41.8,32.4,3.24,9.18,0.32,1,0.7,0.41,0.37,0.22,0
936,24,20,68.5,47.6,20.9,1.04,1.94,2.8,3,0.69,0.3,0.32,0.38,0
937,10,5,49.2,38.4,10.8,2.16,7.48,2.74,1,0.73,0.57,0.33,0.1,0
938,26,18,37.4,29.7,7.7,0.43,7.19,1.58,2,0.59,0.26,0.23,0.5,0
939,10,8,99.0,9.0,90.0,11.25,1.86,2.17,9,0.82,0.25,0.12,0.5,1
940,24,11,56.3,25.9,30.4,2.76,9.3,1.31,2,0.68,0.56,0.09,0.35,1
941,11,2,75.1,49.5,25.6,12.8,6.12,1.89,3,0.93,0.3,0.13,0.5,1
942,23,18,31.2,21.8,9.4,0.52,4.27,1.02,5,0.88,0.35,0.25,0.4,0
943,30,29,58.8,31.2,27.6,0.95,7.81,0.9,2,0.81,0.44,0.07,0.49,0
944,17,7,22.2,4.7,17.5,2.5,3.32,1.73,9,0.68,0.42,0.1,0.48,1
945,17,15,60.4,48.8,11.6,0.77,7.24,1.49,0,0.6,0.55,0.19,0.26,0
946,28,11,97.1,69.9,27.2,2.47,1.36,1.74,0,0.89,0.51,0.09,0.4,1
947,16,2,50.7,28.0,22.7,11.35,8.55,0.86,8,0.74,0.52,0.24,0.24,1
948,28,23,23.1,6.7,16.4,0.71,5.03,1.1,8,0.61,0.56,0.37,0.07,0
949,15,12,22.5,19.5,3.0,0.25,6.73,0.25,4,0.6,0.35,0.3,0.35,0
950,15,6,51.0,18.4,32.6,5.43,2.99,0.16,8,0.58,0.36,0.27,0.37,1
951,12,4,32.8,3.4,29.4,7.35,7.09,0.76,10,0.89,0.42,0.23,0.35,1
952,16,7,21.9,20.3,1.6,0.23,7.95,0.22,6,0.61,0.35,0.2,0.45,0
953,28,13,80.5,15.0,65.5,5.04,5.26,0.31,8,0.76,0.69,0.07,0.24,1
954,17,16,56.7,4.0,52.7,3.29,6.56,2.44,6,0.73,0.61,0.34,0.05,1
955,19,18,43.1,23.2,19.9,1.11,5.11,0.12,8,0.79,0.28,0.1,0.5,0
956,29,10,92.0,15.7,76.3,7.63,9.05,1.98,1,0.94,0.2,0.04,0.5,1
957,24,23,29.3,6.7,22.6,0.98,5.48,0.82,10,0.93,0.22,0.3,0.48,0
958,24,8,96.5,44.1,52.4,6.55,8.58,2.61,10,0.73,0.32,0.07,0.5,1
959,10,2,45.1,12.7,32.4,16.2,8.21,1.45,7,0.51,0.26,0.15,0.5,1
960,29,21,91.1,77.4,13.7,0.65,4.69,0.92,6,0.71,0.47,0.01,0.5,0
961,16,1,68.2,46.1,22.1,22.1,3.07,1.55,5,0.8,0.63,0.05,0.32,1
962,13,7,86.1,29.5,56.6,8.09,4.65,1.15,4,0.78,0.57,0.07,0.36,1
963,15,8,98.7,86.1,12.6,1.58,8.44,1.69,3,0.83,0.31,0.02,0.5,0
964,10,6,43.1,29.5,13.6,2.27,3.05,0.34,6,0.58,0.4,0.26,0.34,0
965,14,5,96.9,66.2,30.7,6.14,5.72,2.99,2,0.82,0.45,0.33,0.22,1
966,10,6,51.2,17.0,34.2,5.7,8.25,1.28,7,0.59,0.61,0.15,0.24,1
967,13,2,50.8,15.4,35.4,17.7,4.18,1.04,1,0.88,0.62,0.33,0.05,1
968,11,1,47.2,13.7,33.5,33.5,6.78,2.13,0,0.67,0.65,0.09,0.26,1
969,19,11,63.3,58.3,5.0,0.45,3.21,1.09,10,0.85,0.45,0.13,0.42,0
970,14,10,32.3,20.0,12.3,1.23,1.98,2.5,1,0.52,0.55,0.06,0.39,0
971,19,18,64.3,35.3,29.0,1.61,8.15,1.36,8,0.7,0.26,0.25,0.49,0
972,10,2,63.3,4.4,58.9,29.45,1.89,2.16,4,0.85,0.48,0.17,0.35,1
973,15,1,81.0,35.5,45.5,45.5,3.44,0.32,10,0.61,0.32,0.25,0.43,1
974,22,8,86.7,34.8,51.9,6.49,8.7,2.54,7,0.9,0.42,0.3,0.28,1
975,24,15,55.2,31.4,23.8,1.59,4.12,2.21,2,0.82,0.52,0.22,0.26,0
976,13,8,44.2,8.4,35.8,4.47,9.76,0.64,6,0.79,0.33,0.25,0.42,1
977,22,17,40.7,13.6,27.1,1.59,9.82,0.44,1,0.68,0.23,0.37,0.4,0
978,29,12,35.6,18.5,17.1,1.42,3.41,0.95,7,0.74,0.21,0.12,0.5,0
979,24,8,24.6,8.4,16.2,2.02,1.37,2.93,6,0.8,0.21,0.14,0.5,1
980,17,14,47.4,19.2,28.2,2.01,7.35,0.77,4,0.74,0.2,0.29,0.5,1
981,14,4,41.6,8.8,32.8,8.2,5.06,1.37,10,0.85,0.26,0.24,0.5,1
982,24,1,97.3,27.9,69.4,69.4,1.91,0.09,3,0.72,0.32,0.07,0.5,1
983,13,1,64.6,46.2,18.4,18.4,7.37,1.19,0,0.6,0.31,0.15,0.5,1
984,21,19,47.8,15.1,32.7,1.72,1.28,1.71,4,0.61,0.69,0.19,0.12,1
985,22,16,66.4,42.4,24.0,1.5,8.83,2.86,8,0.5,0.35,0.17,0.48,0
986,11,5,31.1,16.9,14.2,2.84,2.25,1.55,9,0.65,0.26,0.07,0.5,1
987,28,16,55.5,13.9,41.6,2.6,2.15,2.46,3,0.87,0.47,0.37,0.16,1
988,28,5,70.1,31.8,38.3,7.66,2.58,1.64,8,0.9,0.63,0.3,0.07,1
989,13,9,59.1,35.0,24.1,2.68,9.64,0.12,1,0.6,0.54,0.19,0.27,0
990,13,10,52.1,37.7,14.4,1.44,7.24,0.95,3,0.98,0.35,0.27,0.38,0
991,20,2,99.5,42.7,56.8,28.4,8.21,1.73,8,0.75,0.48,0.36,0.16,1
992,14,2,90.4,59.7,30.7,15.35,4.58,2.85,3,0.96,0.56,0.05,0.39,1
993,29,6,69.9,34.8,35.1,5.85,4.03,2.58,4,0.85,0.56,0.1,0.34,1
994,20,9,65.6,13.0,52.6,5.84,3.11,0.69,10,0.86,0.53,0.22,0.25,1
995,19,1,69.7,54.7,15.0,15.0,5.33,0.66,7,0.54,0.64,0.31,0.05,1
996,17,9,36.1,23.3,12.8,1.42,5.97,0.6,0,0.61,0.64,0.01,0.35,0
997,15,9,51.6,10.6,41.0,4.56,6.69,2.77,0,0.5,0.49,0.39,0.12,1
998,15,13,23.2,14.8,8.4,0.65,3.31,2.56,8,0.86,0.41,0.18,0.41,0
999,17,9,58.0,43.0,15.0,1.67,9.54,2.32,8,0.67,0.52,0.14,0.34,0
1000,24,21,63.4,39.0,24.4,1.16,2.53,1.18,3,0.89,0.61,0.12,0.27,0
